bin,lo,hi,n,fraction,accuracy,confidence,model_id,benchmark,method,seed
0.0,0.0,0.06666666666666667,0.0,0.0,,,Qwen/Qwen2.5-7B-Instruct,FEVER,iga_v2_lowrank_mc,1
1.0,0.06666666666666667,0.13333333333333333,0.0,0.0,,,Qwen/Qwen2.5-7B-Instruct,FEVER,iga_v2_lowrank_mc,1
2.0,0.13333333333333333,0.2,0.0,0.0,,,Qwen/Qwen2.5-7B-Instruct,FEVER,iga_v2_lowrank_mc,1
3.0,0.2,0.26666666666666666,0.0,0.0,,,Qwen/Qwen2.5-7B-Instruct,FEVER,iga_v2_lowrank_mc,1
4.0,0.26666666666666666,0.3333333333333333,0.0,0.0,,,Qwen/Qwen2.5-7B-Instruct,FEVER,iga_v2_lowrank_mc,1
5.0,0.3333333333333333,0.4,2.0,0.006666666666666667,0.0,0.3738517016172409,Qwen/Qwen2.5-7B-Instruct,FEVER,iga_v2_lowrank_mc,1
6.0,0.4,0.4666666666666667,13.0,0.043333333333333335,0.38461538461538464,0.4383507531422835,Qwen/Qwen2.5-7B-Instruct,FEVER,iga_v2_lowrank_mc,1
7.0,0.4666666666666667,0.5333333333333333,21.0,0.07,0.42857142857142855,0.511414341983341,Qwen/Qwen2.5-7B-Instruct,FEVER,iga_v2_lowrank_mc,1
8.0,0.5333333333333333,0.6,34.0,0.11333333333333333,0.5,0.5758316288976109,Qwen/Qwen2.5-7B-Instruct,FEVER,iga_v2_lowrank_mc,1
9.0,0.6,0.6666666666666666,26.0,0.08666666666666667,0.5,0.628173644726093,Qwen/Qwen2.5-7B-Instruct,FEVER,iga_v2_lowrank_mc,1
10.0,0.6666666666666666,0.7333333333333333,30.0,0.1,0.6,0.6990311920642853,Qwen/Qwen2.5-7B-Instruct,FEVER,iga_v2_lowrank_mc,1
11.0,0.7333333333333333,0.8,27.0,0.09,0.6296296296296297,0.7668837706247965,Qwen/Qwen2.5-7B-Instruct,FEVER,iga_v2_lowrank_mc,1
12.0,0.8,0.8666666666666667,30.0,0.1,0.5,0.8341095566749572,Qwen/Qwen2.5-7B-Instruct,FEVER,iga_v2_lowrank_mc,1
13.0,0.8666666666666667,0.9333333333333333,43.0,0.14333333333333334,0.5813953488372093,0.8972735765368439,Qwen/Qwen2.5-7B-Instruct,FEVER,iga_v2_lowrank_mc,1
14.0,0.9333333333333333,1.0,74.0,0.24666666666666667,0.7027027027027027,0.9719265498019554,Qwen/Qwen2.5-7B-Instruct,FEVER,iga_v2_lowrank_mc,1
0.0,0.0,0.06666666666666667,0.0,0.0,,,Qwen/Qwen2.5-7B-Instruct,FEVER,self_consistency_mc,1
1.0,0.06666666666666667,0.13333333333333333,0.0,0.0,,,Qwen/Qwen2.5-7B-Instruct,FEVER,self_consistency_mc,1
2.0,0.13333333333333333,0.2,0.0,0.0,,,Qwen/Qwen2.5-7B-Instruct,FEVER,self_consistency_mc,1
3.0,0.2,0.26666666666666666,0.0,0.0,,,Qwen/Qwen2.5-7B-Instruct,FEVER,self_consistency_mc,1
4.0,0.26666666666666666,0.3333333333333333,0.0,0.0,,,Qwen/Qwen2.5-7B-Instruct,FEVER,self_consistency_mc,1
5.0,0.3333333333333333,0.4,0.0,0.0,,,Qwen/Qwen2.5-7B-Instruct,FEVER,self_consistency_mc,1
6.0,0.4,0.4666666666666667,19.0,0.06333333333333334,0.10526315789473684,0.4000000059604645,Qwen/Qwen2.5-7B-Instruct,FEVER,self_consistency_mc,1
7.0,0.4666666666666667,0.5333333333333333,0.0,0.0,,,Qwen/Qwen2.5-7B-Instruct,FEVER,self_consistency_mc,1
8.0,0.5333333333333333,0.6,0.0,0.0,,,Qwen/Qwen2.5-7B-Instruct,FEVER,self_consistency_mc,1
9.0,0.6,0.6666666666666666,77.0,0.25666666666666665,0.36363636363636365,0.6000000238418579,Qwen/Qwen2.5-7B-Instruct,FEVER,self_consistency_mc,1
10.0,0.6666666666666666,0.7333333333333333,0.0,0.0,,,Qwen/Qwen2.5-7B-Instruct,FEVER,self_consistency_mc,1
11.0,0.7333333333333333,0.8,0.0,0.0,,,Qwen/Qwen2.5-7B-Instruct,FEVER,self_consistency_mc,1
12.0,0.8,0.8666666666666667,56.0,0.18666666666666668,0.3392857142857143,0.800000011920929,Qwen/Qwen2.5-7B-Instruct,FEVER,self_consistency_mc,1
13.0,0.8666666666666667,0.9333333333333333,0.0,0.0,,,Qwen/Qwen2.5-7B-Instruct,FEVER,self_consistency_mc,1
14.0,0.9333333333333333,1.0,148.0,0.49333333333333335,0.5945945945945946,1.0,Qwen/Qwen2.5-7B-Instruct,FEVER,self_consistency_mc,1
0.0,0.0,0.06666666666666667,19.0,0.06333333333333334,0.10526315789473684,0.03977024555206299,Qwen/Qwen2.5-7B-Instruct,FEVER,semantic_entropy_mc,1
1.0,0.06666666666666667,0.13333333333333333,0.0,0.0,,,Qwen/Qwen2.5-7B-Instruct,FEVER,semantic_entropy_mc,1
2.0,0.13333333333333333,0.2,26.0,0.08666666666666667,0.38461538461538464,0.13502651453018188,Qwen/Qwen2.5-7B-Instruct,FEVER,semantic_entropy_mc,1
3.0,0.2,0.26666666666666666,0.0,0.0,,,Qwen/Qwen2.5-7B-Instruct,FEVER,semantic_entropy_mc,1
4.0,0.26666666666666666,0.3333333333333333,0.0,0.0,,,Qwen/Qwen2.5-7B-Instruct,FEVER,semantic_entropy_mc,1
5.0,0.3333333333333333,0.4,51.0,0.17,0.35294117647058826,0.3873984217643738,Qwen/Qwen2.5-7B-Instruct,FEVER,semantic_entropy_mc,1
6.0,0.4,0.4666666666666667,0.0,0.0,,,Qwen/Qwen2.5-7B-Instruct,FEVER,semantic_entropy_mc,1
7.0,0.4666666666666667,0.5333333333333333,0.0,0.0,,,Qwen/Qwen2.5-7B-Instruct,FEVER,semantic_entropy_mc,1
8.0,0.5333333333333333,0.6,56.0,0.18666666666666668,0.3392857142857143,0.5445141196250916,Qwen/Qwen2.5-7B-Instruct,FEVER,semantic_entropy_mc,1
9.0,0.6,0.6666666666666666,0.0,0.0,,,Qwen/Qwen2.5-7B-Instruct,FEVER,semantic_entropy_mc,1
10.0,0.6666666666666666,0.7333333333333333,0.0,0.0,,,Qwen/Qwen2.5-7B-Instruct,FEVER,semantic_entropy_mc,1
11.0,0.7333333333333333,0.8,0.0,0.0,,,Qwen/Qwen2.5-7B-Instruct,FEVER,semantic_entropy_mc,1
12.0,0.8,0.8666666666666667,0.0,0.0,,,Qwen/Qwen2.5-7B-Instruct,FEVER,semantic_entropy_mc,1
13.0,0.8666666666666667,0.9333333333333333,0.0,0.0,,,Qwen/Qwen2.5-7B-Instruct,FEVER,semantic_entropy_mc,1
14.0,0.9333333333333333,1.0,148.0,0.49333333333333335,0.5945945945945946,0.9999999999496982,Qwen/Qwen2.5-7B-Instruct,FEVER,semantic_entropy_mc,1
0.0,0.0,0.06666666666666667,0.0,0.0,,,Qwen/Qwen2.5-7B-Instruct,FEVER,temperature_mc,1
1.0,0.06666666666666667,0.13333333333333333,0.0,0.0,,,Qwen/Qwen2.5-7B-Instruct,FEVER,temperature_mc,1
2.0,0.13333333333333333,0.2,0.0,0.0,,,Qwen/Qwen2.5-7B-Instruct,FEVER,temperature_mc,1
3.0,0.2,0.26666666666666666,0.0,0.0,,,Qwen/Qwen2.5-7B-Instruct,FEVER,temperature_mc,1
4.0,0.26666666666666666,0.3333333333333333,0.0,0.0,,,Qwen/Qwen2.5-7B-Instruct,FEVER,temperature_mc,1
5.0,0.3333333333333333,0.4,0.0,0.0,,,Qwen/Qwen2.5-7B-Instruct,FEVER,temperature_mc,1
6.0,0.4,0.4666666666666667,0.0,0.0,,,Qwen/Qwen2.5-7B-Instruct,FEVER,temperature_mc,1
7.0,0.4666666666666667,0.5333333333333333,1.0,0.0033333333333333335,0.0,0.5032897591590881,Qwen/Qwen2.5-7B-Instruct,FEVER,temperature_mc,1
8.0,0.5333333333333333,0.6,2.0,0.006666666666666667,0.5,0.5609868466854095,Qwen/Qwen2.5-7B-Instruct,FEVER,temperature_mc,1
9.0,0.6,0.6666666666666666,3.0,0.01,0.3333333333333333,0.6286668380101522,Qwen/Qwen2.5-7B-Instruct,FEVER,temperature_mc,1
10.0,0.6666666666666666,0.7333333333333333,7.0,0.023333333333333334,0.2857142857142857,0.7082164798464093,Qwen/Qwen2.5-7B-Instruct,FEVER,temperature_mc,1
11.0,0.7333333333333333,0.8,10.0,0.03333333333333333,0.3,0.7703674495220184,Qwen/Qwen2.5-7B-Instruct,FEVER,temperature_mc,1
12.0,0.8,0.8666666666666667,21.0,0.07,0.14285714285714285,0.8306083338601249,Qwen/Qwen2.5-7B-Instruct,FEVER,temperature_mc,1
13.0,0.8666666666666667,0.9333333333333333,36.0,0.12,0.3333333333333333,0.9019815574089686,Qwen/Qwen2.5-7B-Instruct,FEVER,temperature_mc,1
14.0,0.9333333333333333,1.0,220.0,0.7333333333333333,0.3,0.978270174427466,Qwen/Qwen2.5-7B-Instruct,FEVER,temperature_mc,1
0.0,0.0,0.06666666666666667,0.0,0.0,,,Qwen/Qwen2.5-7B-Instruct,FEVER,vanilla_mc,1
1.0,0.06666666666666667,0.13333333333333333,0.0,0.0,,,Qwen/Qwen2.5-7B-Instruct,FEVER,vanilla_mc,1
2.0,0.13333333333333333,0.2,0.0,0.0,,,Qwen/Qwen2.5-7B-Instruct,FEVER,vanilla_mc,1
3.0,0.2,0.26666666666666666,0.0,0.0,,,Qwen/Qwen2.5-7B-Instruct,FEVER,vanilla_mc,1
4.0,0.26666666666666666,0.3333333333333333,0.0,0.0,,,Qwen/Qwen2.5-7B-Instruct,FEVER,vanilla_mc,1
5.0,0.3333333333333333,0.4,0.0,0.0,,,Qwen/Qwen2.5-7B-Instruct,FEVER,vanilla_mc,1
6.0,0.4,0.4666666666666667,0.0,0.0,,,Qwen/Qwen2.5-7B-Instruct,FEVER,vanilla_mc,1
7.0,0.4666666666666667,0.5333333333333333,2.0,0.006666666666666667,0.0,0.5151220560073853,Qwen/Qwen2.5-7B-Instruct,FEVER,vanilla_mc,1
8.0,0.5333333333333333,0.6,3.0,0.01,0.3333333333333333,0.5732866724332174,Qwen/Qwen2.5-7B-Instruct,FEVER,vanilla_mc,1
9.0,0.6,0.6666666666666666,7.0,0.023333333333333334,0.2857142857142857,0.6415966493742806,Qwen/Qwen2.5-7B-Instruct,FEVER,vanilla_mc,1
10.0,0.6666666666666666,0.7333333333333333,15.0,0.05,0.26666666666666666,0.7062742471694946,Qwen/Qwen2.5-7B-Instruct,FEVER,vanilla_mc,1
11.0,0.7333333333333333,0.8,24.0,0.08,0.16666666666666666,0.7684235870838165,Qwen/Qwen2.5-7B-Instruct,FEVER,vanilla_mc,1
12.0,0.8,0.8666666666666667,29.0,0.09666666666666666,0.3793103448275862,0.8331538356583694,Qwen/Qwen2.5-7B-Instruct,FEVER,vanilla_mc,1
13.0,0.8666666666666667,0.9333333333333333,88.0,0.29333333333333333,0.22727272727272727,0.9069998061115091,Qwen/Qwen2.5-7B-Instruct,FEVER,vanilla_mc,1
14.0,0.9333333333333333,1.0,132.0,0.44,0.3484848484848485,0.9572961637468049,Qwen/Qwen2.5-7B-Instruct,FEVER,vanilla_mc,1
0.0,0.0,0.06666666666666667,0.0,0.0,,,Qwen/Qwen2.5-7B-Instruct,HaluEval-QA,iga_v2_lowrank_mc,1
1.0,0.06666666666666667,0.13333333333333333,0.0,0.0,,,Qwen/Qwen2.5-7B-Instruct,HaluEval-QA,iga_v2_lowrank_mc,1
2.0,0.13333333333333333,0.2,0.0,0.0,,,Qwen/Qwen2.5-7B-Instruct,HaluEval-QA,iga_v2_lowrank_mc,1
3.0,0.2,0.26666666666666666,0.0,0.0,,,Qwen/Qwen2.5-7B-Instruct,HaluEval-QA,iga_v2_lowrank_mc,1
4.0,0.26666666666666666,0.3333333333333333,0.0,0.0,,,Qwen/Qwen2.5-7B-Instruct,HaluEval-QA,iga_v2_lowrank_mc,1
5.0,0.3333333333333333,0.4,0.0,0.0,,,Qwen/Qwen2.5-7B-Instruct,HaluEval-QA,iga_v2_lowrank_mc,1
6.0,0.4,0.4666666666666667,0.0,0.0,,,Qwen/Qwen2.5-7B-Instruct,HaluEval-QA,iga_v2_lowrank_mc,1
7.0,0.4666666666666667,0.5333333333333333,1.0,0.0033333333333333335,0.0,0.5287271738052368,Qwen/Qwen2.5-7B-Instruct,HaluEval-QA,iga_v2_lowrank_mc,1
8.0,0.5333333333333333,0.6,1.0,0.0033333333333333335,1.0,0.5883669257164001,Qwen/Qwen2.5-7B-Instruct,HaluEval-QA,iga_v2_lowrank_mc,1
9.0,0.6,0.6666666666666666,2.0,0.006666666666666667,1.0,0.6320526003837585,Qwen/Qwen2.5-7B-Instruct,HaluEval-QA,iga_v2_lowrank_mc,1
10.0,0.6666666666666666,0.7333333333333333,5.0,0.016666666666666666,0.8,0.7029106259346009,Qwen/Qwen2.5-7B-Instruct,HaluEval-QA,iga_v2_lowrank_mc,1
11.0,0.7333333333333333,0.8,1.0,0.0033333333333333335,1.0,0.7585334777832031,Qwen/Qwen2.5-7B-Instruct,HaluEval-QA,iga_v2_lowrank_mc,1
12.0,0.8,0.8666666666666667,7.0,0.023333333333333334,1.0,0.8408844130379813,Qwen/Qwen2.5-7B-Instruct,HaluEval-QA,iga_v2_lowrank_mc,1
13.0,0.8666666666666667,0.9333333333333333,11.0,0.03666666666666667,0.8181818181818182,0.9027403322133151,Qwen/Qwen2.5-7B-Instruct,HaluEval-QA,iga_v2_lowrank_mc,1
14.0,0.9333333333333333,1.0,272.0,0.9066666666666666,0.9669117647058824,0.994493955417591,Qwen/Qwen2.5-7B-Instruct,HaluEval-QA,iga_v2_lowrank_mc,1
0.0,0.0,0.06666666666666667,0.0,0.0,,,Qwen/Qwen2.5-7B-Instruct,HaluEval-QA,self_consistency_mc,1
1.0,0.06666666666666667,0.13333333333333333,0.0,0.0,,,Qwen/Qwen2.5-7B-Instruct,HaluEval-QA,self_consistency_mc,1
2.0,0.13333333333333333,0.2,0.0,0.0,,,Qwen/Qwen2.5-7B-Instruct,HaluEval-QA,self_consistency_mc,1
3.0,0.2,0.26666666666666666,0.0,0.0,,,Qwen/Qwen2.5-7B-Instruct,HaluEval-QA,self_consistency_mc,1
4.0,0.26666666666666666,0.3333333333333333,0.0,0.0,,,Qwen/Qwen2.5-7B-Instruct,HaluEval-QA,self_consistency_mc,1
5.0,0.3333333333333333,0.4,0.0,0.0,,,Qwen/Qwen2.5-7B-Instruct,HaluEval-QA,self_consistency_mc,1
6.0,0.4,0.4666666666666667,0.0,0.0,,,Qwen/Qwen2.5-7B-Instruct,HaluEval-QA,self_consistency_mc,1
7.0,0.4666666666666667,0.5333333333333333,0.0,0.0,,,Qwen/Qwen2.5-7B-Instruct,HaluEval-QA,self_consistency_mc,1
8.0,0.5333333333333333,0.6,0.0,0.0,,,Qwen/Qwen2.5-7B-Instruct,HaluEval-QA,self_consistency_mc,1
9.0,0.6,0.6666666666666666,17.0,0.056666666666666664,0.5882352941176471,0.6000000238418579,Qwen/Qwen2.5-7B-Instruct,HaluEval-QA,self_consistency_mc,1
10.0,0.6666666666666666,0.7333333333333333,0.0,0.0,,,Qwen/Qwen2.5-7B-Instruct,HaluEval-QA,self_consistency_mc,1
11.0,0.7333333333333333,0.8,0.0,0.0,,,Qwen/Qwen2.5-7B-Instruct,HaluEval-QA,self_consistency_mc,1
12.0,0.8,0.8666666666666667,18.0,0.06,0.5,0.800000011920929,Qwen/Qwen2.5-7B-Instruct,HaluEval-QA,self_consistency_mc,1
13.0,0.8666666666666667,0.9333333333333333,0.0,0.0,,,Qwen/Qwen2.5-7B-Instruct,HaluEval-QA,self_consistency_mc,1
14.0,0.9333333333333333,1.0,265.0,0.8833333333333333,0.6679245283018868,1.0,Qwen/Qwen2.5-7B-Instruct,HaluEval-QA,self_consistency_mc,1
0.0,0.0,0.06666666666666667,17.0,0.056666666666666664,0.5882352941176471,0.029049396514892578,Qwen/Qwen2.5-7B-Instruct,HaluEval-QA,semantic_entropy_mc,1
1.0,0.06666666666666667,0.13333333333333333,0.0,0.0,,,Qwen/Qwen2.5-7B-Instruct,HaluEval-QA,semantic_entropy_mc,1
2.0,0.13333333333333333,0.2,0.0,0.0,,,Qwen/Qwen2.5-7B-Instruct,HaluEval-QA,semantic_entropy_mc,1
3.0,0.2,0.26666666666666666,0.0,0.0,,,Qwen/Qwen2.5-7B-Instruct,HaluEval-QA,semantic_entropy_mc,1
4.0,0.26666666666666666,0.3333333333333333,18.0,0.06,0.5,0.27807193994522095,Qwen/Qwen2.5-7B-Instruct,HaluEval-QA,semantic_entropy_mc,1
5.0,0.3333333333333333,0.4,0.0,0.0,,,Qwen/Qwen2.5-7B-Instruct,HaluEval-QA,semantic_entropy_mc,1
6.0,0.4,0.4666666666666667,0.0,0.0,,,Qwen/Qwen2.5-7B-Instruct,HaluEval-QA,semantic_entropy_mc,1
7.0,0.4666666666666667,0.5333333333333333,0.0,0.0,,,Qwen/Qwen2.5-7B-Instruct,HaluEval-QA,semantic_entropy_mc,1
8.0,0.5333333333333333,0.6,0.0,0.0,,,Qwen/Qwen2.5-7B-Instruct,HaluEval-QA,semantic_entropy_mc,1
9.0,0.6,0.6666666666666666,0.0,0.0,,,Qwen/Qwen2.5-7B-Instruct,HaluEval-QA,semantic_entropy_mc,1
10.0,0.6666666666666666,0.7333333333333333,0.0,0.0,,,Qwen/Qwen2.5-7B-Instruct,HaluEval-QA,semantic_entropy_mc,1
11.0,0.7333333333333333,0.8,0.0,0.0,,,Qwen/Qwen2.5-7B-Instruct,HaluEval-QA,semantic_entropy_mc,1
12.0,0.8,0.8666666666666667,0.0,0.0,,,Qwen/Qwen2.5-7B-Instruct,HaluEval-QA,semantic_entropy_mc,1
13.0,0.8666666666666667,0.9333333333333333,0.0,0.0,,,Qwen/Qwen2.5-7B-Instruct,HaluEval-QA,semantic_entropy_mc,1
14.0,0.9333333333333333,1.0,265.0,0.8833333333333333,0.6679245283018868,0.9999999999601369,Qwen/Qwen2.5-7B-Instruct,HaluEval-QA,semantic_entropy_mc,1
0.0,0.0,0.06666666666666667,0.0,0.0,,,Qwen/Qwen2.5-7B-Instruct,HaluEval-QA,temperature_mc,1
1.0,0.06666666666666667,0.13333333333333333,0.0,0.0,,,Qwen/Qwen2.5-7B-Instruct,HaluEval-QA,temperature_mc,1
2.0,0.13333333333333333,0.2,0.0,0.0,,,Qwen/Qwen2.5-7B-Instruct,HaluEval-QA,temperature_mc,1
3.0,0.2,0.26666666666666666,0.0,0.0,,,Qwen/Qwen2.5-7B-Instruct,HaluEval-QA,temperature_mc,1
4.0,0.26666666666666666,0.3333333333333333,0.0,0.0,,,Qwen/Qwen2.5-7B-Instruct,HaluEval-QA,temperature_mc,1
5.0,0.3333333333333333,0.4,0.0,0.0,,,Qwen/Qwen2.5-7B-Instruct,HaluEval-QA,temperature_mc,1
6.0,0.4,0.4666666666666667,0.0,0.0,,,Qwen/Qwen2.5-7B-Instruct,HaluEval-QA,temperature_mc,1
7.0,0.4666666666666667,0.5333333333333333,5.0,0.016666666666666666,0.2,0.5186193704605102,Qwen/Qwen2.5-7B-Instruct,HaluEval-QA,temperature_mc,1
8.0,0.5333333333333333,0.6,6.0,0.02,0.3333333333333333,0.5596896509329478,Qwen/Qwen2.5-7B-Instruct,HaluEval-QA,temperature_mc,1
9.0,0.6,0.6666666666666666,6.0,0.02,0.16666666666666666,0.6239796082178751,Qwen/Qwen2.5-7B-Instruct,HaluEval-QA,temperature_mc,1
10.0,0.6666666666666666,0.7333333333333333,14.0,0.04666666666666667,0.5,0.700670063495636,Qwen/Qwen2.5-7B-Instruct,HaluEval-QA,temperature_mc,1
11.0,0.7333333333333333,0.8,14.0,0.04666666666666667,0.2857142857142857,0.7638735260282244,Qwen/Qwen2.5-7B-Instruct,HaluEval-QA,temperature_mc,1
12.0,0.8,0.8666666666666667,17.0,0.056666666666666664,0.058823529411764705,0.8364759403116563,Qwen/Qwen2.5-7B-Instruct,HaluEval-QA,temperature_mc,1
13.0,0.8666666666666667,0.9333333333333333,20.0,0.06666666666666667,0.1,0.9036492139101029,Qwen/Qwen2.5-7B-Instruct,HaluEval-QA,temperature_mc,1
14.0,0.9333333333333333,1.0,218.0,0.7266666666666667,0.6834862385321101,0.991797503528245,Qwen/Qwen2.5-7B-Instruct,HaluEval-QA,temperature_mc,1
0.0,0.0,0.06666666666666667,0.0,0.0,,,Qwen/Qwen2.5-7B-Instruct,HaluEval-QA,vanilla_mc,1
1.0,0.06666666666666667,0.13333333333333333,0.0,0.0,,,Qwen/Qwen2.5-7B-Instruct,HaluEval-QA,vanilla_mc,1
2.0,0.13333333333333333,0.2,0.0,0.0,,,Qwen/Qwen2.5-7B-Instruct,HaluEval-QA,vanilla_mc,1
3.0,0.2,0.26666666666666666,0.0,0.0,,,Qwen/Qwen2.5-7B-Instruct,HaluEval-QA,vanilla_mc,1
4.0,0.26666666666666666,0.3333333333333333,0.0,0.0,,,Qwen/Qwen2.5-7B-Instruct,HaluEval-QA,vanilla_mc,1
5.0,0.3333333333333333,0.4,0.0,0.0,,,Qwen/Qwen2.5-7B-Instruct,HaluEval-QA,vanilla_mc,1
6.0,0.4,0.4666666666666667,0.0,0.0,,,Qwen/Qwen2.5-7B-Instruct,HaluEval-QA,vanilla_mc,1
7.0,0.4666666666666667,0.5333333333333333,7.0,0.023333333333333334,0.14285714285714285,0.5168205159051078,Qwen/Qwen2.5-7B-Instruct,HaluEval-QA,vanilla_mc,1
8.0,0.5333333333333333,0.6,9.0,0.03,0.3333333333333333,0.5694129599465264,Qwen/Qwen2.5-7B-Instruct,HaluEval-QA,vanilla_mc,1
9.0,0.6,0.6666666666666666,15.0,0.05,0.4666666666666667,0.6417965173721314,Qwen/Qwen2.5-7B-Instruct,HaluEval-QA,vanilla_mc,1
10.0,0.6666666666666666,0.7333333333333333,16.0,0.05333333333333334,0.25,0.6992130018770695,Qwen/Qwen2.5-7B-Instruct,HaluEval-QA,vanilla_mc,1
11.0,0.7333333333333333,0.8,18.0,0.06,0.05555555555555555,0.7676290174325308,Qwen/Qwen2.5-7B-Instruct,HaluEval-QA,vanilla_mc,1
12.0,0.8,0.8666666666666667,18.0,0.06,0.16666666666666666,0.8360544277562035,Qwen/Qwen2.5-7B-Instruct,HaluEval-QA,vanilla_mc,1
13.0,0.8666666666666667,0.9333333333333333,30.0,0.1,0.26666666666666666,0.8980091492335002,Qwen/Qwen2.5-7B-Instruct,HaluEval-QA,vanilla_mc,1
14.0,0.9333333333333333,1.0,187.0,0.6233333333333333,0.7486631016042781,0.9903408387765528,Qwen/Qwen2.5-7B-Instruct,HaluEval-QA,vanilla_mc,1
0.0,0.0,0.06666666666666667,0.0,0.0,,,Qwen/Qwen2.5-7B-Instruct,TruthfulQA-MC1,iga_v2_lowrank_mc,1
1.0,0.06666666666666667,0.13333333333333333,0.0,0.0,,,Qwen/Qwen2.5-7B-Instruct,TruthfulQA-MC1,iga_v2_lowrank_mc,1
2.0,0.13333333333333333,0.2,2.0,0.013422818791946308,0.5,0.14558115601539612,Qwen/Qwen2.5-7B-Instruct,TruthfulQA-MC1,iga_v2_lowrank_mc,1
3.0,0.2,0.26666666666666666,10.0,0.06711409395973154,0.2,0.24578978270292282,Qwen/Qwen2.5-7B-Instruct,TruthfulQA-MC1,iga_v2_lowrank_mc,1
4.0,0.26666666666666666,0.3333333333333333,17.0,0.11409395973154363,0.11764705882352941,0.30314602045451894,Qwen/Qwen2.5-7B-Instruct,TruthfulQA-MC1,iga_v2_lowrank_mc,1
5.0,0.3333333333333333,0.4,24.0,0.1610738255033557,0.4166666666666667,0.3640562730530898,Qwen/Qwen2.5-7B-Instruct,TruthfulQA-MC1,iga_v2_lowrank_mc,1
6.0,0.4,0.4666666666666667,22.0,0.1476510067114094,0.45454545454545453,0.43965139985084534,Qwen/Qwen2.5-7B-Instruct,TruthfulQA-MC1,iga_v2_lowrank_mc,1
7.0,0.4666666666666667,0.5333333333333333,17.0,0.11409395973154363,0.47058823529411764,0.4980512682129355,Qwen/Qwen2.5-7B-Instruct,TruthfulQA-MC1,iga_v2_lowrank_mc,1
8.0,0.5333333333333333,0.6,19.0,0.12751677852348994,0.631578947368421,0.5648822282489977,Qwen/Qwen2.5-7B-Instruct,TruthfulQA-MC1,iga_v2_lowrank_mc,1
9.0,0.6,0.6666666666666666,12.0,0.08053691275167785,0.5,0.6265863080819448,Qwen/Qwen2.5-7B-Instruct,TruthfulQA-MC1,iga_v2_lowrank_mc,1
10.0,0.6666666666666666,0.7333333333333333,10.0,0.06711409395973154,0.6,0.6901715397834778,Qwen/Qwen2.5-7B-Instruct,TruthfulQA-MC1,iga_v2_lowrank_mc,1
11.0,0.7333333333333333,0.8,8.0,0.053691275167785234,0.25,0.769079402089119,Qwen/Qwen2.5-7B-Instruct,TruthfulQA-MC1,iga_v2_lowrank_mc,1
12.0,0.8,0.8666666666666667,3.0,0.020134228187919462,0.6666666666666666,0.8261890610059103,Qwen/Qwen2.5-7B-Instruct,TruthfulQA-MC1,iga_v2_lowrank_mc,1
13.0,0.8666666666666667,0.9333333333333333,4.0,0.026845637583892617,0.5,0.8935545682907104,Qwen/Qwen2.5-7B-Instruct,TruthfulQA-MC1,iga_v2_lowrank_mc,1
14.0,0.9333333333333333,1.0,1.0,0.006711409395973154,1.0,0.9514325857162476,Qwen/Qwen2.5-7B-Instruct,TruthfulQA-MC1,iga_v2_lowrank_mc,1
0.0,0.0,0.06666666666666667,0.0,0.0,,,Qwen/Qwen2.5-7B-Instruct,TruthfulQA-MC1,self_consistency_mc,1
1.0,0.06666666666666667,0.13333333333333333,0.0,0.0,,,Qwen/Qwen2.5-7B-Instruct,TruthfulQA-MC1,self_consistency_mc,1
2.0,0.13333333333333333,0.2,0.0,0.0,,,Qwen/Qwen2.5-7B-Instruct,TruthfulQA-MC1,self_consistency_mc,1
3.0,0.2,0.26666666666666666,0.0,0.0,,,Qwen/Qwen2.5-7B-Instruct,TruthfulQA-MC1,self_consistency_mc,1
4.0,0.26666666666666666,0.3333333333333333,0.0,0.0,,,Qwen/Qwen2.5-7B-Instruct,TruthfulQA-MC1,self_consistency_mc,1
5.0,0.3333333333333333,0.4,0.0,0.0,,,Qwen/Qwen2.5-7B-Instruct,TruthfulQA-MC1,self_consistency_mc,1
6.0,0.4,0.4666666666666667,1.0,0.006711409395973154,0.0,0.4000000059604645,Qwen/Qwen2.5-7B-Instruct,TruthfulQA-MC1,self_consistency_mc,1
7.0,0.4666666666666667,0.5333333333333333,1.0,0.006711409395973154,0.0,0.5,Qwen/Qwen2.5-7B-Instruct,TruthfulQA-MC1,self_consistency_mc,1
8.0,0.5333333333333333,0.6,0.0,0.0,,,Qwen/Qwen2.5-7B-Instruct,TruthfulQA-MC1,self_consistency_mc,1
9.0,0.6,0.6666666666666666,11.0,0.0738255033557047,0.18181818181818182,0.6000000238418579,Qwen/Qwen2.5-7B-Instruct,TruthfulQA-MC1,self_consistency_mc,1
10.0,0.6666666666666666,0.7333333333333333,0.0,0.0,,,Qwen/Qwen2.5-7B-Instruct,TruthfulQA-MC1,self_consistency_mc,1
11.0,0.7333333333333333,0.8,0.0,0.0,,,Qwen/Qwen2.5-7B-Instruct,TruthfulQA-MC1,self_consistency_mc,1
12.0,0.8,0.8666666666666667,12.0,0.08053691275167785,0.25,0.800000011920929,Qwen/Qwen2.5-7B-Instruct,TruthfulQA-MC1,self_consistency_mc,1
13.0,0.8666666666666667,0.9333333333333333,0.0,0.0,,,Qwen/Qwen2.5-7B-Instruct,TruthfulQA-MC1,self_consistency_mc,1
14.0,0.9333333333333333,1.0,124.0,0.8322147651006712,0.75,1.0,Qwen/Qwen2.5-7B-Instruct,TruthfulQA-MC1,self_consistency_mc,1
0.0,0.0,0.06666666666666667,0.0,0.0,,,Qwen/Qwen2.5-7B-Instruct,TruthfulQA-MC1,semantic_entropy_mc,1
1.0,0.06666666666666667,0.13333333333333333,0.0,0.0,,,Qwen/Qwen2.5-7B-Instruct,TruthfulQA-MC1,semantic_entropy_mc,1
2.0,0.13333333333333333,0.2,0.0,0.0,,,Qwen/Qwen2.5-7B-Instruct,TruthfulQA-MC1,semantic_entropy_mc,1
3.0,0.2,0.26666666666666666,0.0,0.0,,,Qwen/Qwen2.5-7B-Instruct,TruthfulQA-MC1,semantic_entropy_mc,1
4.0,0.26666666666666666,0.3333333333333333,0.0,0.0,,,Qwen/Qwen2.5-7B-Instruct,TruthfulQA-MC1,semantic_entropy_mc,1
5.0,0.3333333333333333,0.4,2.0,0.013422818791946308,0.0,0.3873984217643738,Qwen/Qwen2.5-7B-Instruct,TruthfulQA-MC1,semantic_entropy_mc,1
6.0,0.4,0.4666666666666667,2.0,0.013422818791946308,0.5,0.43372097611427307,Qwen/Qwen2.5-7B-Instruct,TruthfulQA-MC1,semantic_entropy_mc,1
7.0,0.4666666666666667,0.5333333333333333,1.0,0.006711409395973154,0.0,0.5,Qwen/Qwen2.5-7B-Instruct,TruthfulQA-MC1,semantic_entropy_mc,1
8.0,0.5333333333333333,0.6,6.0,0.040268456375838924,0.3333333333333333,0.5693942705790201,Qwen/Qwen2.5-7B-Instruct,TruthfulQA-MC1,semantic_entropy_mc,1
9.0,0.6,0.6666666666666666,7.0,0.04697986577181208,0.0,0.6306640207767487,Qwen/Qwen2.5-7B-Instruct,TruthfulQA-MC1,semantic_entropy_mc,1
10.0,0.6666666666666666,0.7333333333333333,6.0,0.040268456375838924,0.3333333333333333,0.704901322722435,Qwen/Qwen2.5-7B-Instruct,TruthfulQA-MC1,semantic_entropy_mc,1
11.0,0.7333333333333333,0.8,1.0,0.006711409395973154,0.0,0.7428440451622009,Qwen/Qwen2.5-7B-Instruct,TruthfulQA-MC1,semantic_entropy_mc,1
12.0,0.8,0.8666666666666667,0.0,0.0,,,Qwen/Qwen2.5-7B-Instruct,TruthfulQA-MC1,semantic_entropy_mc,1
13.0,0.8666666666666667,0.9333333333333333,0.0,0.0,,,Qwen/Qwen2.5-7B-Instruct,TruthfulQA-MC1,semantic_entropy_mc,1
14.0,0.9333333333333333,1.0,124.0,0.8322147651006712,0.75,0.9999999999330474,Qwen/Qwen2.5-7B-Instruct,TruthfulQA-MC1,semantic_entropy_mc,1
0.0,0.0,0.06666666666666667,0.0,0.0,,,Qwen/Qwen2.5-7B-Instruct,TruthfulQA-MC1,temperature_mc,1
1.0,0.06666666666666667,0.13333333333333333,0.0,0.0,,,Qwen/Qwen2.5-7B-Instruct,TruthfulQA-MC1,temperature_mc,1
2.0,0.13333333333333333,0.2,2.0,0.013422818791946308,0.0,0.1638968586921692,Qwen/Qwen2.5-7B-Instruct,TruthfulQA-MC1,temperature_mc,1
3.0,0.2,0.26666666666666666,5.0,0.03355704697986577,0.2,0.2552686810493469,Qwen/Qwen2.5-7B-Instruct,TruthfulQA-MC1,temperature_mc,1
4.0,0.26666666666666666,0.3333333333333333,11.0,0.0738255033557047,0.09090909090909091,0.297516099431298,Qwen/Qwen2.5-7B-Instruct,TruthfulQA-MC1,temperature_mc,1
5.0,0.3333333333333333,0.4,18.0,0.12080536912751678,0.05555555555555555,0.3684450536966324,Qwen/Qwen2.5-7B-Instruct,TruthfulQA-MC1,temperature_mc,1
6.0,0.4,0.4666666666666667,19.0,0.12751677852348994,0.5263157894736842,0.4308818265011436,Qwen/Qwen2.5-7B-Instruct,TruthfulQA-MC1,temperature_mc,1
7.0,0.4666666666666667,0.5333333333333333,19.0,0.12751677852348994,0.3684210526315789,0.5070325136184692,Qwen/Qwen2.5-7B-Instruct,TruthfulQA-MC1,temperature_mc,1
8.0,0.5333333333333333,0.6,15.0,0.10067114093959731,0.4,0.5625843167304992,Qwen/Qwen2.5-7B-Instruct,TruthfulQA-MC1,temperature_mc,1
9.0,0.6,0.6666666666666666,14.0,0.09395973154362416,0.6428571428571429,0.6235505853380475,Qwen/Qwen2.5-7B-Instruct,TruthfulQA-MC1,temperature_mc,1
10.0,0.6666666666666666,0.7333333333333333,12.0,0.08053691275167785,0.5,0.6935260991255442,Qwen/Qwen2.5-7B-Instruct,TruthfulQA-MC1,temperature_mc,1
11.0,0.7333333333333333,0.8,11.0,0.0738255033557047,0.5454545454545454,0.7570608637549661,Qwen/Qwen2.5-7B-Instruct,TruthfulQA-MC1,temperature_mc,1
12.0,0.8,0.8666666666666667,12.0,0.08053691275167785,0.5833333333333334,0.8277845581372579,Qwen/Qwen2.5-7B-Instruct,TruthfulQA-MC1,temperature_mc,1
13.0,0.8666666666666667,0.9333333333333333,6.0,0.040268456375838924,0.0,0.915429045756658,Qwen/Qwen2.5-7B-Instruct,TruthfulQA-MC1,temperature_mc,1
14.0,0.9333333333333333,1.0,5.0,0.03355704697986577,0.4,0.969660222530365,Qwen/Qwen2.5-7B-Instruct,TruthfulQA-MC1,temperature_mc,1
0.0,0.0,0.06666666666666667,0.0,0.0,,,Qwen/Qwen2.5-7B-Instruct,TruthfulQA-MC1,vanilla_mc,1
1.0,0.06666666666666667,0.13333333333333333,0.0,0.0,,,Qwen/Qwen2.5-7B-Instruct,TruthfulQA-MC1,vanilla_mc,1
2.0,0.13333333333333333,0.2,2.0,0.013422818791946308,0.0,0.15002037584781647,Qwen/Qwen2.5-7B-Instruct,TruthfulQA-MC1,vanilla_mc,1
3.0,0.2,0.26666666666666666,11.0,0.0738255033557047,0.09090909090909091,0.24131318520415912,Qwen/Qwen2.5-7B-Instruct,TruthfulQA-MC1,vanilla_mc,1
4.0,0.26666666666666666,0.3333333333333333,21.0,0.14093959731543623,0.14285714285714285,0.30942731102307636,Qwen/Qwen2.5-7B-Instruct,TruthfulQA-MC1,vanilla_mc,1
5.0,0.3333333333333333,0.4,22.0,0.1476510067114094,0.45454545454545453,0.3642371933568608,Qwen/Qwen2.5-7B-Instruct,TruthfulQA-MC1,vanilla_mc,1
6.0,0.4,0.4666666666666667,21.0,0.14093959731543623,0.5238095238095238,0.4390407360735394,Qwen/Qwen2.5-7B-Instruct,TruthfulQA-MC1,vanilla_mc,1
7.0,0.4666666666666667,0.5333333333333333,18.0,0.12080536912751678,0.3888888888888889,0.49616705709033543,Qwen/Qwen2.5-7B-Instruct,TruthfulQA-MC1,vanilla_mc,1
8.0,0.5333333333333333,0.6,18.0,0.12080536912751678,0.4444444444444444,0.5616309510336982,Qwen/Qwen2.5-7B-Instruct,TruthfulQA-MC1,vanilla_mc,1
9.0,0.6,0.6666666666666666,9.0,0.06040268456375839,0.6666666666666666,0.6339994271596273,Qwen/Qwen2.5-7B-Instruct,TruthfulQA-MC1,vanilla_mc,1
10.0,0.6666666666666666,0.7333333333333333,15.0,0.10067114093959731,0.5333333333333333,0.6980082670847575,Qwen/Qwen2.5-7B-Instruct,TruthfulQA-MC1,vanilla_mc,1
11.0,0.7333333333333333,0.8,4.0,0.026845637583892617,0.0,0.7826397716999054,Qwen/Qwen2.5-7B-Instruct,TruthfulQA-MC1,vanilla_mc,1
12.0,0.8,0.8666666666666667,3.0,0.020134228187919462,0.0,0.8281179070472717,Qwen/Qwen2.5-7B-Instruct,TruthfulQA-MC1,vanilla_mc,1
13.0,0.8666666666666667,0.9333333333333333,3.0,0.020134228187919462,0.3333333333333333,0.8786906401316324,Qwen/Qwen2.5-7B-Instruct,TruthfulQA-MC1,vanilla_mc,1
14.0,0.9333333333333333,1.0,2.0,0.013422818791946308,0.5,0.9504077136516571,Qwen/Qwen2.5-7B-Instruct,TruthfulQA-MC1,vanilla_mc,1
0.0,0.0,0.06666666666666667,0.0,0.0,,,Qwen/Qwen2.5-7B-Instruct,FEVER,iga_v2_lowrank_mc,2
1.0,0.06666666666666667,0.13333333333333333,0.0,0.0,,,Qwen/Qwen2.5-7B-Instruct,FEVER,iga_v2_lowrank_mc,2
2.0,0.13333333333333333,0.2,0.0,0.0,,,Qwen/Qwen2.5-7B-Instruct,FEVER,iga_v2_lowrank_mc,2
3.0,0.2,0.26666666666666666,0.0,0.0,,,Qwen/Qwen2.5-7B-Instruct,FEVER,iga_v2_lowrank_mc,2
4.0,0.26666666666666666,0.3333333333333333,0.0,0.0,,,Qwen/Qwen2.5-7B-Instruct,FEVER,iga_v2_lowrank_mc,2
5.0,0.3333333333333333,0.4,3.0,0.01,0.3333333333333333,0.3903525173664093,Qwen/Qwen2.5-7B-Instruct,FEVER,iga_v2_lowrank_mc,2
6.0,0.4,0.4666666666666667,18.0,0.06,0.3333333333333333,0.43459760977162254,Qwen/Qwen2.5-7B-Instruct,FEVER,iga_v2_lowrank_mc,2
7.0,0.4666666666666667,0.5333333333333333,23.0,0.07666666666666666,0.4782608695652174,0.49852788837059686,Qwen/Qwen2.5-7B-Instruct,FEVER,iga_v2_lowrank_mc,2
8.0,0.5333333333333333,0.6,28.0,0.09333333333333334,0.35714285714285715,0.5700659624167851,Qwen/Qwen2.5-7B-Instruct,FEVER,iga_v2_lowrank_mc,2
9.0,0.6,0.6666666666666666,29.0,0.09666666666666666,0.4482758620689655,0.6283554167583071,Qwen/Qwen2.5-7B-Instruct,FEVER,iga_v2_lowrank_mc,2
10.0,0.6666666666666666,0.7333333333333333,22.0,0.07333333333333333,0.45454545454545453,0.7003502954136241,Qwen/Qwen2.5-7B-Instruct,FEVER,iga_v2_lowrank_mc,2
11.0,0.7333333333333333,0.8,24.0,0.08,0.375,0.7690091406305631,Qwen/Qwen2.5-7B-Instruct,FEVER,iga_v2_lowrank_mc,2
12.0,0.8,0.8666666666666667,31.0,0.10333333333333333,0.6451612903225806,0.8355178083142927,Qwen/Qwen2.5-7B-Instruct,FEVER,iga_v2_lowrank_mc,2
13.0,0.8666666666666667,0.9333333333333333,34.0,0.11333333333333333,0.5588235294117647,0.9023167613674613,Qwen/Qwen2.5-7B-Instruct,FEVER,iga_v2_lowrank_mc,2
14.0,0.9333333333333333,1.0,88.0,0.29333333333333333,0.5681818181818182,0.9720879793167114,Qwen/Qwen2.5-7B-Instruct,FEVER,iga_v2_lowrank_mc,2
0.0,0.0,0.06666666666666667,0.0,0.0,,,Qwen/Qwen2.5-7B-Instruct,FEVER,self_consistency_mc,2
1.0,0.06666666666666667,0.13333333333333333,0.0,0.0,,,Qwen/Qwen2.5-7B-Instruct,FEVER,self_consistency_mc,2
2.0,0.13333333333333333,0.2,0.0,0.0,,,Qwen/Qwen2.5-7B-Instruct,FEVER,self_consistency_mc,2
3.0,0.2,0.26666666666666666,0.0,0.0,,,Qwen/Qwen2.5-7B-Instruct,FEVER,self_consistency_mc,2
4.0,0.26666666666666666,0.3333333333333333,0.0,0.0,,,Qwen/Qwen2.5-7B-Instruct,FEVER,self_consistency_mc,2
5.0,0.3333333333333333,0.4,0.0,0.0,,,Qwen/Qwen2.5-7B-Instruct,FEVER,self_consistency_mc,2
6.0,0.4,0.4666666666666667,18.0,0.06,0.5,0.4000000059604645,Qwen/Qwen2.5-7B-Instruct,FEVER,self_consistency_mc,2
7.0,0.4666666666666667,0.5333333333333333,0.0,0.0,,,Qwen/Qwen2.5-7B-Instruct,FEVER,self_consistency_mc,2
8.0,0.5333333333333333,0.6,0.0,0.0,,,Qwen/Qwen2.5-7B-Instruct,FEVER,self_consistency_mc,2
9.0,0.6,0.6666666666666666,74.0,0.24666666666666667,0.35135135135135137,0.6000000238418579,Qwen/Qwen2.5-7B-Instruct,FEVER,self_consistency_mc,2
10.0,0.6666666666666666,0.7333333333333333,0.0,0.0,,,Qwen/Qwen2.5-7B-Instruct,FEVER,self_consistency_mc,2
11.0,0.7333333333333333,0.8,0.0,0.0,,,Qwen/Qwen2.5-7B-Instruct,FEVER,self_consistency_mc,2
12.0,0.8,0.8666666666666667,65.0,0.21666666666666667,0.3230769230769231,0.800000011920929,Qwen/Qwen2.5-7B-Instruct,FEVER,self_consistency_mc,2
13.0,0.8666666666666667,0.9333333333333333,0.0,0.0,,,Qwen/Qwen2.5-7B-Instruct,FEVER,self_consistency_mc,2
14.0,0.9333333333333333,1.0,143.0,0.4766666666666667,0.6083916083916084,1.0,Qwen/Qwen2.5-7B-Instruct,FEVER,self_consistency_mc,2
0.0,0.0,0.06666666666666667,18.0,0.06,0.5,0.03977024555206299,Qwen/Qwen2.5-7B-Instruct,FEVER,semantic_entropy_mc,2
1.0,0.06666666666666667,0.13333333333333333,0.0,0.0,,,Qwen/Qwen2.5-7B-Instruct,FEVER,semantic_entropy_mc,2
2.0,0.13333333333333333,0.2,12.0,0.04,0.16666666666666666,0.13502651453018188,Qwen/Qwen2.5-7B-Instruct,FEVER,semantic_entropy_mc,2
3.0,0.2,0.26666666666666666,0.0,0.0,,,Qwen/Qwen2.5-7B-Instruct,FEVER,semantic_entropy_mc,2
4.0,0.26666666666666666,0.3333333333333333,0.0,0.0,,,Qwen/Qwen2.5-7B-Instruct,FEVER,semantic_entropy_mc,2
5.0,0.3333333333333333,0.4,62.0,0.20666666666666667,0.3870967741935484,0.3873984217643738,Qwen/Qwen2.5-7B-Instruct,FEVER,semantic_entropy_mc,2
6.0,0.4,0.4666666666666667,0.0,0.0,,,Qwen/Qwen2.5-7B-Instruct,FEVER,semantic_entropy_mc,2
7.0,0.4666666666666667,0.5333333333333333,0.0,0.0,,,Qwen/Qwen2.5-7B-Instruct,FEVER,semantic_entropy_mc,2
8.0,0.5333333333333333,0.6,65.0,0.21666666666666667,0.3230769230769231,0.5445141196250916,Qwen/Qwen2.5-7B-Instruct,FEVER,semantic_entropy_mc,2
9.0,0.6,0.6666666666666666,0.0,0.0,,,Qwen/Qwen2.5-7B-Instruct,FEVER,semantic_entropy_mc,2
10.0,0.6666666666666666,0.7333333333333333,0.0,0.0,,,Qwen/Qwen2.5-7B-Instruct,FEVER,semantic_entropy_mc,2
11.0,0.7333333333333333,0.8,0.0,0.0,,,Qwen/Qwen2.5-7B-Instruct,FEVER,semantic_entropy_mc,2
12.0,0.8,0.8666666666666667,0.0,0.0,,,Qwen/Qwen2.5-7B-Instruct,FEVER,semantic_entropy_mc,2
13.0,0.8666666666666667,0.9333333333333333,0.0,0.0,,,Qwen/Qwen2.5-7B-Instruct,FEVER,semantic_entropy_mc,2
14.0,0.9333333333333333,1.0,143.0,0.4766666666666667,0.6083916083916084,0.9999999999496979,Qwen/Qwen2.5-7B-Instruct,FEVER,semantic_entropy_mc,2
0.0,0.0,0.06666666666666667,0.0,0.0,,,Qwen/Qwen2.5-7B-Instruct,FEVER,temperature_mc,2
1.0,0.06666666666666667,0.13333333333333333,0.0,0.0,,,Qwen/Qwen2.5-7B-Instruct,FEVER,temperature_mc,2
2.0,0.13333333333333333,0.2,0.0,0.0,,,Qwen/Qwen2.5-7B-Instruct,FEVER,temperature_mc,2
3.0,0.2,0.26666666666666666,0.0,0.0,,,Qwen/Qwen2.5-7B-Instruct,FEVER,temperature_mc,2
4.0,0.26666666666666666,0.3333333333333333,0.0,0.0,,,Qwen/Qwen2.5-7B-Instruct,FEVER,temperature_mc,2
5.0,0.3333333333333333,0.4,0.0,0.0,,,Qwen/Qwen2.5-7B-Instruct,FEVER,temperature_mc,2
6.0,0.4,0.4666666666666667,0.0,0.0,,,Qwen/Qwen2.5-7B-Instruct,FEVER,temperature_mc,2
7.0,0.4666666666666667,0.5333333333333333,1.0,0.0033333333333333335,0.0,0.5032897591590881,Qwen/Qwen2.5-7B-Instruct,FEVER,temperature_mc,2
8.0,0.5333333333333333,0.6,2.0,0.006666666666666667,0.5,0.5609868466854095,Qwen/Qwen2.5-7B-Instruct,FEVER,temperature_mc,2
9.0,0.6,0.6666666666666666,3.0,0.01,0.3333333333333333,0.6286668380101522,Qwen/Qwen2.5-7B-Instruct,FEVER,temperature_mc,2
10.0,0.6666666666666666,0.7333333333333333,7.0,0.023333333333333334,0.2857142857142857,0.7082164798464093,Qwen/Qwen2.5-7B-Instruct,FEVER,temperature_mc,2
11.0,0.7333333333333333,0.8,10.0,0.03333333333333333,0.3,0.7703674495220184,Qwen/Qwen2.5-7B-Instruct,FEVER,temperature_mc,2
12.0,0.8,0.8666666666666667,21.0,0.07,0.14285714285714285,0.8306083338601249,Qwen/Qwen2.5-7B-Instruct,FEVER,temperature_mc,2
13.0,0.8666666666666667,0.9333333333333333,36.0,0.12,0.3333333333333333,0.9019815574089686,Qwen/Qwen2.5-7B-Instruct,FEVER,temperature_mc,2
14.0,0.9333333333333333,1.0,220.0,0.7333333333333333,0.3,0.978270174427466,Qwen/Qwen2.5-7B-Instruct,FEVER,temperature_mc,2
0.0,0.0,0.06666666666666667,0.0,0.0,,,Qwen/Qwen2.5-7B-Instruct,FEVER,vanilla_mc,2
1.0,0.06666666666666667,0.13333333333333333,0.0,0.0,,,Qwen/Qwen2.5-7B-Instruct,FEVER,vanilla_mc,2
2.0,0.13333333333333333,0.2,0.0,0.0,,,Qwen/Qwen2.5-7B-Instruct,FEVER,vanilla_mc,2
3.0,0.2,0.26666666666666666,0.0,0.0,,,Qwen/Qwen2.5-7B-Instruct,FEVER,vanilla_mc,2
4.0,0.26666666666666666,0.3333333333333333,0.0,0.0,,,Qwen/Qwen2.5-7B-Instruct,FEVER,vanilla_mc,2
5.0,0.3333333333333333,0.4,0.0,0.0,,,Qwen/Qwen2.5-7B-Instruct,FEVER,vanilla_mc,2
6.0,0.4,0.4666666666666667,0.0,0.0,,,Qwen/Qwen2.5-7B-Instruct,FEVER,vanilla_mc,2
7.0,0.4666666666666667,0.5333333333333333,2.0,0.006666666666666667,0.0,0.5151220560073853,Qwen/Qwen2.5-7B-Instruct,FEVER,vanilla_mc,2
8.0,0.5333333333333333,0.6,3.0,0.01,0.3333333333333333,0.5732866724332174,Qwen/Qwen2.5-7B-Instruct,FEVER,vanilla_mc,2
9.0,0.6,0.6666666666666666,7.0,0.023333333333333334,0.2857142857142857,0.6415966493742806,Qwen/Qwen2.5-7B-Instruct,FEVER,vanilla_mc,2
10.0,0.6666666666666666,0.7333333333333333,15.0,0.05,0.26666666666666666,0.7062742471694946,Qwen/Qwen2.5-7B-Instruct,FEVER,vanilla_mc,2
11.0,0.7333333333333333,0.8,24.0,0.08,0.16666666666666666,0.7684235870838165,Qwen/Qwen2.5-7B-Instruct,FEVER,vanilla_mc,2
12.0,0.8,0.8666666666666667,29.0,0.09666666666666666,0.3793103448275862,0.8331538356583694,Qwen/Qwen2.5-7B-Instruct,FEVER,vanilla_mc,2
13.0,0.8666666666666667,0.9333333333333333,88.0,0.29333333333333333,0.22727272727272727,0.9069998061115091,Qwen/Qwen2.5-7B-Instruct,FEVER,vanilla_mc,2
14.0,0.9333333333333333,1.0,132.0,0.44,0.3484848484848485,0.9572961637468049,Qwen/Qwen2.5-7B-Instruct,FEVER,vanilla_mc,2
0.0,0.0,0.06666666666666667,0.0,0.0,,,Qwen/Qwen2.5-7B-Instruct,HaluEval-QA,iga_v2_lowrank_mc,2
1.0,0.06666666666666667,0.13333333333333333,0.0,0.0,,,Qwen/Qwen2.5-7B-Instruct,HaluEval-QA,iga_v2_lowrank_mc,2
2.0,0.13333333333333333,0.2,0.0,0.0,,,Qwen/Qwen2.5-7B-Instruct,HaluEval-QA,iga_v2_lowrank_mc,2
3.0,0.2,0.26666666666666666,0.0,0.0,,,Qwen/Qwen2.5-7B-Instruct,HaluEval-QA,iga_v2_lowrank_mc,2
4.0,0.26666666666666666,0.3333333333333333,0.0,0.0,,,Qwen/Qwen2.5-7B-Instruct,HaluEval-QA,iga_v2_lowrank_mc,2
5.0,0.3333333333333333,0.4,0.0,0.0,,,Qwen/Qwen2.5-7B-Instruct,HaluEval-QA,iga_v2_lowrank_mc,2
6.0,0.4,0.4666666666666667,0.0,0.0,,,Qwen/Qwen2.5-7B-Instruct,HaluEval-QA,iga_v2_lowrank_mc,2
7.0,0.4666666666666667,0.5333333333333333,5.0,0.016666666666666666,0.8,0.515218186378479,Qwen/Qwen2.5-7B-Instruct,HaluEval-QA,iga_v2_lowrank_mc,2
8.0,0.5333333333333333,0.6,2.0,0.006666666666666667,1.0,0.5715830624103546,Qwen/Qwen2.5-7B-Instruct,HaluEval-QA,iga_v2_lowrank_mc,2
9.0,0.6,0.6666666666666666,4.0,0.013333333333333334,1.0,0.6196210831403732,Qwen/Qwen2.5-7B-Instruct,HaluEval-QA,iga_v2_lowrank_mc,2
10.0,0.6666666666666666,0.7333333333333333,5.0,0.016666666666666666,0.8,0.690384817123413,Qwen/Qwen2.5-7B-Instruct,HaluEval-QA,iga_v2_lowrank_mc,2
11.0,0.7333333333333333,0.8,10.0,0.03333333333333333,0.8,0.7739987432956695,Qwen/Qwen2.5-7B-Instruct,HaluEval-QA,iga_v2_lowrank_mc,2
12.0,0.8,0.8666666666666667,12.0,0.04,0.5833333333333334,0.8359239647785822,Qwen/Qwen2.5-7B-Instruct,HaluEval-QA,iga_v2_lowrank_mc,2
13.0,0.8666666666666667,0.9333333333333333,15.0,0.05,0.7333333333333333,0.9009486158688863,Qwen/Qwen2.5-7B-Instruct,HaluEval-QA,iga_v2_lowrank_mc,2
14.0,0.9333333333333333,1.0,247.0,0.8233333333333334,0.951417004048583,0.991343390121151,Qwen/Qwen2.5-7B-Instruct,HaluEval-QA,iga_v2_lowrank_mc,2
0.0,0.0,0.06666666666666667,0.0,0.0,,,Qwen/Qwen2.5-7B-Instruct,HaluEval-QA,self_consistency_mc,2
1.0,0.06666666666666667,0.13333333333333333,0.0,0.0,,,Qwen/Qwen2.5-7B-Instruct,HaluEval-QA,self_consistency_mc,2
2.0,0.13333333333333333,0.2,0.0,0.0,,,Qwen/Qwen2.5-7B-Instruct,HaluEval-QA,self_consistency_mc,2
3.0,0.2,0.26666666666666666,0.0,0.0,,,Qwen/Qwen2.5-7B-Instruct,HaluEval-QA,self_consistency_mc,2
4.0,0.26666666666666666,0.3333333333333333,0.0,0.0,,,Qwen/Qwen2.5-7B-Instruct,HaluEval-QA,self_consistency_mc,2
5.0,0.3333333333333333,0.4,0.0,0.0,,,Qwen/Qwen2.5-7B-Instruct,HaluEval-QA,self_consistency_mc,2
6.0,0.4,0.4666666666666667,0.0,0.0,,,Qwen/Qwen2.5-7B-Instruct,HaluEval-QA,self_consistency_mc,2
7.0,0.4666666666666667,0.5333333333333333,2.0,0.006666666666666667,0.5,0.5,Qwen/Qwen2.5-7B-Instruct,HaluEval-QA,self_consistency_mc,2
8.0,0.5333333333333333,0.6,0.0,0.0,,,Qwen/Qwen2.5-7B-Instruct,HaluEval-QA,self_consistency_mc,2
9.0,0.6,0.6666666666666666,19.0,0.06333333333333334,0.7894736842105263,0.6000000238418579,Qwen/Qwen2.5-7B-Instruct,HaluEval-QA,self_consistency_mc,2
10.0,0.6666666666666666,0.7333333333333333,0.0,0.0,,,Qwen/Qwen2.5-7B-Instruct,HaluEval-QA,self_consistency_mc,2
11.0,0.7333333333333333,0.8,0.0,0.0,,,Qwen/Qwen2.5-7B-Instruct,HaluEval-QA,self_consistency_mc,2
12.0,0.8,0.8666666666666667,14.0,0.04666666666666667,0.7857142857142857,0.800000011920929,Qwen/Qwen2.5-7B-Instruct,HaluEval-QA,self_consistency_mc,2
13.0,0.8666666666666667,0.9333333333333333,0.0,0.0,,,Qwen/Qwen2.5-7B-Instruct,HaluEval-QA,self_consistency_mc,2
14.0,0.9333333333333333,1.0,265.0,0.8833333333333333,0.6528301886792452,1.0,Qwen/Qwen2.5-7B-Instruct,HaluEval-QA,self_consistency_mc,2
0.0,0.0,0.06666666666666667,20.0,0.06666666666666667,0.75,0.027596926689147948,Qwen/Qwen2.5-7B-Instruct,HaluEval-QA,semantic_entropy_mc,2
1.0,0.06666666666666667,0.13333333333333333,0.0,0.0,,,Qwen/Qwen2.5-7B-Instruct,HaluEval-QA,semantic_entropy_mc,2
2.0,0.13333333333333333,0.2,0.0,0.0,,,Qwen/Qwen2.5-7B-Instruct,HaluEval-QA,semantic_entropy_mc,2
3.0,0.2,0.26666666666666666,0.0,0.0,,,Qwen/Qwen2.5-7B-Instruct,HaluEval-QA,semantic_entropy_mc,2
4.0,0.26666666666666666,0.3333333333333333,14.0,0.04666666666666667,0.7857142857142857,0.27807193994522095,Qwen/Qwen2.5-7B-Instruct,HaluEval-QA,semantic_entropy_mc,2
5.0,0.3333333333333333,0.4,0.0,0.0,,,Qwen/Qwen2.5-7B-Instruct,HaluEval-QA,semantic_entropy_mc,2
6.0,0.4,0.4666666666666667,0.0,0.0,,,Qwen/Qwen2.5-7B-Instruct,HaluEval-QA,semantic_entropy_mc,2
7.0,0.4666666666666667,0.5333333333333333,1.0,0.0033333333333333335,1.0,0.5,Qwen/Qwen2.5-7B-Instruct,HaluEval-QA,semantic_entropy_mc,2
8.0,0.5333333333333333,0.6,0.0,0.0,,,Qwen/Qwen2.5-7B-Instruct,HaluEval-QA,semantic_entropy_mc,2
9.0,0.6,0.6666666666666666,0.0,0.0,,,Qwen/Qwen2.5-7B-Instruct,HaluEval-QA,semantic_entropy_mc,2
10.0,0.6666666666666666,0.7333333333333333,0.0,0.0,,,Qwen/Qwen2.5-7B-Instruct,HaluEval-QA,semantic_entropy_mc,2
11.0,0.7333333333333333,0.8,0.0,0.0,,,Qwen/Qwen2.5-7B-Instruct,HaluEval-QA,semantic_entropy_mc,2
12.0,0.8,0.8666666666666667,0.0,0.0,,,Qwen/Qwen2.5-7B-Instruct,HaluEval-QA,semantic_entropy_mc,2
13.0,0.8666666666666667,0.9333333333333333,0.0,0.0,,,Qwen/Qwen2.5-7B-Instruct,HaluEval-QA,semantic_entropy_mc,2
14.0,0.9333333333333333,1.0,265.0,0.8833333333333333,0.6528301886792452,0.9999999999601369,Qwen/Qwen2.5-7B-Instruct,HaluEval-QA,semantic_entropy_mc,2
0.0,0.0,0.06666666666666667,0.0,0.0,,,Qwen/Qwen2.5-7B-Instruct,HaluEval-QA,temperature_mc,2
1.0,0.06666666666666667,0.13333333333333333,0.0,0.0,,,Qwen/Qwen2.5-7B-Instruct,HaluEval-QA,temperature_mc,2
2.0,0.13333333333333333,0.2,0.0,0.0,,,Qwen/Qwen2.5-7B-Instruct,HaluEval-QA,temperature_mc,2
3.0,0.2,0.26666666666666666,0.0,0.0,,,Qwen/Qwen2.5-7B-Instruct,HaluEval-QA,temperature_mc,2
4.0,0.26666666666666666,0.3333333333333333,0.0,0.0,,,Qwen/Qwen2.5-7B-Instruct,HaluEval-QA,temperature_mc,2
5.0,0.3333333333333333,0.4,0.0,0.0,,,Qwen/Qwen2.5-7B-Instruct,HaluEval-QA,temperature_mc,2
6.0,0.4,0.4666666666666667,0.0,0.0,,,Qwen/Qwen2.5-7B-Instruct,HaluEval-QA,temperature_mc,2
7.0,0.4666666666666667,0.5333333333333333,5.0,0.016666666666666666,0.2,0.5186193704605102,Qwen/Qwen2.5-7B-Instruct,HaluEval-QA,temperature_mc,2
8.0,0.5333333333333333,0.6,6.0,0.02,0.3333333333333333,0.5596896509329478,Qwen/Qwen2.5-7B-Instruct,HaluEval-QA,temperature_mc,2
9.0,0.6,0.6666666666666666,6.0,0.02,0.16666666666666666,0.6239796082178751,Qwen/Qwen2.5-7B-Instruct,HaluEval-QA,temperature_mc,2
10.0,0.6666666666666666,0.7333333333333333,14.0,0.04666666666666667,0.5,0.700670063495636,Qwen/Qwen2.5-7B-Instruct,HaluEval-QA,temperature_mc,2
11.0,0.7333333333333333,0.8,14.0,0.04666666666666667,0.2857142857142857,0.7638735260282244,Qwen/Qwen2.5-7B-Instruct,HaluEval-QA,temperature_mc,2
12.0,0.8,0.8666666666666667,17.0,0.056666666666666664,0.058823529411764705,0.8364759403116563,Qwen/Qwen2.5-7B-Instruct,HaluEval-QA,temperature_mc,2
13.0,0.8666666666666667,0.9333333333333333,20.0,0.06666666666666667,0.1,0.9036492139101029,Qwen/Qwen2.5-7B-Instruct,HaluEval-QA,temperature_mc,2
14.0,0.9333333333333333,1.0,218.0,0.7266666666666667,0.6834862385321101,0.991797503528245,Qwen/Qwen2.5-7B-Instruct,HaluEval-QA,temperature_mc,2
0.0,0.0,0.06666666666666667,0.0,0.0,,,Qwen/Qwen2.5-7B-Instruct,HaluEval-QA,vanilla_mc,2
1.0,0.06666666666666667,0.13333333333333333,0.0,0.0,,,Qwen/Qwen2.5-7B-Instruct,HaluEval-QA,vanilla_mc,2
2.0,0.13333333333333333,0.2,0.0,0.0,,,Qwen/Qwen2.5-7B-Instruct,HaluEval-QA,vanilla_mc,2
3.0,0.2,0.26666666666666666,0.0,0.0,,,Qwen/Qwen2.5-7B-Instruct,HaluEval-QA,vanilla_mc,2
4.0,0.26666666666666666,0.3333333333333333,0.0,0.0,,,Qwen/Qwen2.5-7B-Instruct,HaluEval-QA,vanilla_mc,2
5.0,0.3333333333333333,0.4,0.0,0.0,,,Qwen/Qwen2.5-7B-Instruct,HaluEval-QA,vanilla_mc,2
6.0,0.4,0.4666666666666667,0.0,0.0,,,Qwen/Qwen2.5-7B-Instruct,HaluEval-QA,vanilla_mc,2
7.0,0.4666666666666667,0.5333333333333333,7.0,0.023333333333333334,0.14285714285714285,0.5168205159051078,Qwen/Qwen2.5-7B-Instruct,HaluEval-QA,vanilla_mc,2
8.0,0.5333333333333333,0.6,9.0,0.03,0.3333333333333333,0.5694129599465264,Qwen/Qwen2.5-7B-Instruct,HaluEval-QA,vanilla_mc,2
9.0,0.6,0.6666666666666666,15.0,0.05,0.4666666666666667,0.6417965173721314,Qwen/Qwen2.5-7B-Instruct,HaluEval-QA,vanilla_mc,2
10.0,0.6666666666666666,0.7333333333333333,16.0,0.05333333333333334,0.25,0.6992130018770695,Qwen/Qwen2.5-7B-Instruct,HaluEval-QA,vanilla_mc,2
11.0,0.7333333333333333,0.8,18.0,0.06,0.05555555555555555,0.7676290174325308,Qwen/Qwen2.5-7B-Instruct,HaluEval-QA,vanilla_mc,2
12.0,0.8,0.8666666666666667,18.0,0.06,0.16666666666666666,0.8360544277562035,Qwen/Qwen2.5-7B-Instruct,HaluEval-QA,vanilla_mc,2
13.0,0.8666666666666667,0.9333333333333333,30.0,0.1,0.26666666666666666,0.8980091492335002,Qwen/Qwen2.5-7B-Instruct,HaluEval-QA,vanilla_mc,2
14.0,0.9333333333333333,1.0,187.0,0.6233333333333333,0.7486631016042781,0.9903408387765528,Qwen/Qwen2.5-7B-Instruct,HaluEval-QA,vanilla_mc,2
0.0,0.0,0.06666666666666667,0.0,0.0,,,Qwen/Qwen2.5-7B-Instruct,TruthfulQA-MC1,iga_v2_lowrank_mc,2
1.0,0.06666666666666667,0.13333333333333333,0.0,0.0,,,Qwen/Qwen2.5-7B-Instruct,TruthfulQA-MC1,iga_v2_lowrank_mc,2
2.0,0.13333333333333333,0.2,2.0,0.013422818791946308,0.5,0.15126653760671616,Qwen/Qwen2.5-7B-Instruct,TruthfulQA-MC1,iga_v2_lowrank_mc,2
3.0,0.2,0.26666666666666666,10.0,0.06711409395973154,0.2,0.24701710194349288,Qwen/Qwen2.5-7B-Instruct,TruthfulQA-MC1,iga_v2_lowrank_mc,2
4.0,0.26666666666666666,0.3333333333333333,16.0,0.10738255033557047,0.1875,0.30748927034437656,Qwen/Qwen2.5-7B-Instruct,TruthfulQA-MC1,iga_v2_lowrank_mc,2
5.0,0.3333333333333333,0.4,28.0,0.18791946308724833,0.32142857142857145,0.36566613827432903,Qwen/Qwen2.5-7B-Instruct,TruthfulQA-MC1,iga_v2_lowrank_mc,2
6.0,0.4,0.4666666666666667,20.0,0.1342281879194631,0.4,0.4412639275193214,Qwen/Qwen2.5-7B-Instruct,TruthfulQA-MC1,iga_v2_lowrank_mc,2
7.0,0.4666666666666667,0.5333333333333333,16.0,0.10738255033557047,0.625,0.4997943229973316,Qwen/Qwen2.5-7B-Instruct,TruthfulQA-MC1,iga_v2_lowrank_mc,2
8.0,0.5333333333333333,0.6,17.0,0.11409395973154363,0.5882352941176471,0.5716531487072215,Qwen/Qwen2.5-7B-Instruct,TruthfulQA-MC1,iga_v2_lowrank_mc,2
9.0,0.6,0.6666666666666666,17.0,0.11409395973154363,0.47058823529411764,0.6318804656758028,Qwen/Qwen2.5-7B-Instruct,TruthfulQA-MC1,iga_v2_lowrank_mc,2
10.0,0.6666666666666666,0.7333333333333333,7.0,0.04697986577181208,0.7142857142857143,0.6932779209954398,Qwen/Qwen2.5-7B-Instruct,TruthfulQA-MC1,iga_v2_lowrank_mc,2
11.0,0.7333333333333333,0.8,8.0,0.053691275167785234,0.125,0.7648449167609215,Qwen/Qwen2.5-7B-Instruct,TruthfulQA-MC1,iga_v2_lowrank_mc,2
12.0,0.8,0.8666666666666667,2.0,0.013422818791946308,0.5,0.8125248849391937,Qwen/Qwen2.5-7B-Instruct,TruthfulQA-MC1,iga_v2_lowrank_mc,2
13.0,0.8666666666666667,0.9333333333333333,5.0,0.03355704697986577,0.6,0.8892839789390564,Qwen/Qwen2.5-7B-Instruct,TruthfulQA-MC1,iga_v2_lowrank_mc,2
14.0,0.9333333333333333,1.0,1.0,0.006711409395973154,1.0,0.9495447874069214,Qwen/Qwen2.5-7B-Instruct,TruthfulQA-MC1,iga_v2_lowrank_mc,2
0.0,0.0,0.06666666666666667,0.0,0.0,,,Qwen/Qwen2.5-7B-Instruct,TruthfulQA-MC1,self_consistency_mc,2
1.0,0.06666666666666667,0.13333333333333333,0.0,0.0,,,Qwen/Qwen2.5-7B-Instruct,TruthfulQA-MC1,self_consistency_mc,2
2.0,0.13333333333333333,0.2,0.0,0.0,,,Qwen/Qwen2.5-7B-Instruct,TruthfulQA-MC1,self_consistency_mc,2
3.0,0.2,0.26666666666666666,0.0,0.0,,,Qwen/Qwen2.5-7B-Instruct,TruthfulQA-MC1,self_consistency_mc,2
4.0,0.26666666666666666,0.3333333333333333,0.0,0.0,,,Qwen/Qwen2.5-7B-Instruct,TruthfulQA-MC1,self_consistency_mc,2
5.0,0.3333333333333333,0.4,0.0,0.0,,,Qwen/Qwen2.5-7B-Instruct,TruthfulQA-MC1,self_consistency_mc,2
6.0,0.4,0.4666666666666667,0.0,0.0,,,Qwen/Qwen2.5-7B-Instruct,TruthfulQA-MC1,self_consistency_mc,2
7.0,0.4666666666666667,0.5333333333333333,1.0,0.006711409395973154,0.0,0.5,Qwen/Qwen2.5-7B-Instruct,TruthfulQA-MC1,self_consistency_mc,2
8.0,0.5333333333333333,0.6,0.0,0.0,,,Qwen/Qwen2.5-7B-Instruct,TruthfulQA-MC1,self_consistency_mc,2
9.0,0.6,0.6666666666666666,10.0,0.06711409395973154,0.2,0.6000000238418579,Qwen/Qwen2.5-7B-Instruct,TruthfulQA-MC1,self_consistency_mc,2
10.0,0.6666666666666666,0.7333333333333333,0.0,0.0,,,Qwen/Qwen2.5-7B-Instruct,TruthfulQA-MC1,self_consistency_mc,2
11.0,0.7333333333333333,0.8,0.0,0.0,,,Qwen/Qwen2.5-7B-Instruct,TruthfulQA-MC1,self_consistency_mc,2
12.0,0.8,0.8666666666666667,13.0,0.087248322147651,0.46153846153846156,0.800000011920929,Qwen/Qwen2.5-7B-Instruct,TruthfulQA-MC1,self_consistency_mc,2
13.0,0.8666666666666667,0.9333333333333333,0.0,0.0,,,Qwen/Qwen2.5-7B-Instruct,TruthfulQA-MC1,self_consistency_mc,2
14.0,0.9333333333333333,1.0,125.0,0.8389261744966443,0.728,1.0,Qwen/Qwen2.5-7B-Instruct,TruthfulQA-MC1,self_consistency_mc,2
0.0,0.0,0.06666666666666667,1.0,0.006711409395973154,0.0,0.029049396514892578,Qwen/Qwen2.5-7B-Instruct,TruthfulQA-MC1,semantic_entropy_mc,2
1.0,0.06666666666666667,0.13333333333333333,0.0,0.0,,,Qwen/Qwen2.5-7B-Instruct,TruthfulQA-MC1,semantic_entropy_mc,2
2.0,0.13333333333333333,0.2,0.0,0.0,,,Qwen/Qwen2.5-7B-Instruct,TruthfulQA-MC1,semantic_entropy_mc,2
3.0,0.2,0.26666666666666666,0.0,0.0,,,Qwen/Qwen2.5-7B-Instruct,TruthfulQA-MC1,semantic_entropy_mc,2
4.0,0.26666666666666666,0.3333333333333333,0.0,0.0,,,Qwen/Qwen2.5-7B-Instruct,TruthfulQA-MC1,semantic_entropy_mc,2
5.0,0.3333333333333333,0.4,0.0,0.0,,,Qwen/Qwen2.5-7B-Instruct,TruthfulQA-MC1,semantic_entropy_mc,2
6.0,0.4,0.4666666666666667,1.0,0.006711409395973154,0.0,0.40956372022628784,Qwen/Qwen2.5-7B-Instruct,TruthfulQA-MC1,semantic_entropy_mc,2
7.0,0.4666666666666667,0.5333333333333333,2.0,0.013422818791946308,0.0,0.5072623491287231,Qwen/Qwen2.5-7B-Instruct,TruthfulQA-MC1,semantic_entropy_mc,2
8.0,0.5333333333333333,0.6,6.0,0.040268456375838924,0.3333333333333333,0.5693942705790201,Qwen/Qwen2.5-7B-Instruct,TruthfulQA-MC1,semantic_entropy_mc,2
9.0,0.6,0.6666666666666666,4.0,0.026845637583892617,0.25,0.6354866251349449,Qwen/Qwen2.5-7B-Instruct,TruthfulQA-MC1,semantic_entropy_mc,2
10.0,0.6666666666666666,0.7333333333333333,9.0,0.06040268456375839,0.5555555555555556,0.6996283928553263,Qwen/Qwen2.5-7B-Instruct,TruthfulQA-MC1,semantic_entropy_mc,2
11.0,0.7333333333333333,0.8,1.0,0.006711409395973154,0.0,0.7428440451622009,Qwen/Qwen2.5-7B-Instruct,TruthfulQA-MC1,semantic_entropy_mc,2
12.0,0.8,0.8666666666666667,0.0,0.0,,,Qwen/Qwen2.5-7B-Instruct,TruthfulQA-MC1,semantic_entropy_mc,2
13.0,0.8666666666666667,0.9333333333333333,0.0,0.0,,,Qwen/Qwen2.5-7B-Instruct,TruthfulQA-MC1,semantic_entropy_mc,2
14.0,0.9333333333333333,1.0,125.0,0.8389261744966443,0.728,0.9999999999330331,Qwen/Qwen2.5-7B-Instruct,TruthfulQA-MC1,semantic_entropy_mc,2
0.0,0.0,0.06666666666666667,0.0,0.0,,,Qwen/Qwen2.5-7B-Instruct,TruthfulQA-MC1,temperature_mc,2
1.0,0.06666666666666667,0.13333333333333333,0.0,0.0,,,Qwen/Qwen2.5-7B-Instruct,TruthfulQA-MC1,temperature_mc,2
2.0,0.13333333333333333,0.2,2.0,0.013422818791946308,0.0,0.1638968586921692,Qwen/Qwen2.5-7B-Instruct,TruthfulQA-MC1,temperature_mc,2
3.0,0.2,0.26666666666666666,5.0,0.03355704697986577,0.2,0.2552686810493469,Qwen/Qwen2.5-7B-Instruct,TruthfulQA-MC1,temperature_mc,2
4.0,0.26666666666666666,0.3333333333333333,11.0,0.0738255033557047,0.09090909090909091,0.297516099431298,Qwen/Qwen2.5-7B-Instruct,TruthfulQA-MC1,temperature_mc,2
5.0,0.3333333333333333,0.4,18.0,0.12080536912751678,0.05555555555555555,0.3684450536966324,Qwen/Qwen2.5-7B-Instruct,TruthfulQA-MC1,temperature_mc,2
6.0,0.4,0.4666666666666667,19.0,0.12751677852348994,0.5263157894736842,0.4308818265011436,Qwen/Qwen2.5-7B-Instruct,TruthfulQA-MC1,temperature_mc,2
7.0,0.4666666666666667,0.5333333333333333,19.0,0.12751677852348994,0.3684210526315789,0.5070325136184692,Qwen/Qwen2.5-7B-Instruct,TruthfulQA-MC1,temperature_mc,2
8.0,0.5333333333333333,0.6,15.0,0.10067114093959731,0.4,0.5625843167304992,Qwen/Qwen2.5-7B-Instruct,TruthfulQA-MC1,temperature_mc,2
9.0,0.6,0.6666666666666666,14.0,0.09395973154362416,0.6428571428571429,0.6235505853380475,Qwen/Qwen2.5-7B-Instruct,TruthfulQA-MC1,temperature_mc,2
10.0,0.6666666666666666,0.7333333333333333,12.0,0.08053691275167785,0.5,0.6935260991255442,Qwen/Qwen2.5-7B-Instruct,TruthfulQA-MC1,temperature_mc,2
11.0,0.7333333333333333,0.8,11.0,0.0738255033557047,0.5454545454545454,0.7570608637549661,Qwen/Qwen2.5-7B-Instruct,TruthfulQA-MC1,temperature_mc,2
12.0,0.8,0.8666666666666667,12.0,0.08053691275167785,0.5833333333333334,0.8277845581372579,Qwen/Qwen2.5-7B-Instruct,TruthfulQA-MC1,temperature_mc,2
13.0,0.8666666666666667,0.9333333333333333,6.0,0.040268456375838924,0.0,0.915429045756658,Qwen/Qwen2.5-7B-Instruct,TruthfulQA-MC1,temperature_mc,2
14.0,0.9333333333333333,1.0,5.0,0.03355704697986577,0.4,0.969660222530365,Qwen/Qwen2.5-7B-Instruct,TruthfulQA-MC1,temperature_mc,2
0.0,0.0,0.06666666666666667,0.0,0.0,,,Qwen/Qwen2.5-7B-Instruct,TruthfulQA-MC1,vanilla_mc,2
1.0,0.06666666666666667,0.13333333333333333,0.0,0.0,,,Qwen/Qwen2.5-7B-Instruct,TruthfulQA-MC1,vanilla_mc,2
2.0,0.13333333333333333,0.2,2.0,0.013422818791946308,0.0,0.15002037584781647,Qwen/Qwen2.5-7B-Instruct,TruthfulQA-MC1,vanilla_mc,2
3.0,0.2,0.26666666666666666,11.0,0.0738255033557047,0.09090909090909091,0.24131318520415912,Qwen/Qwen2.5-7B-Instruct,TruthfulQA-MC1,vanilla_mc,2
4.0,0.26666666666666666,0.3333333333333333,21.0,0.14093959731543623,0.14285714285714285,0.30942731102307636,Qwen/Qwen2.5-7B-Instruct,TruthfulQA-MC1,vanilla_mc,2
5.0,0.3333333333333333,0.4,22.0,0.1476510067114094,0.45454545454545453,0.3642371933568608,Qwen/Qwen2.5-7B-Instruct,TruthfulQA-MC1,vanilla_mc,2
6.0,0.4,0.4666666666666667,21.0,0.14093959731543623,0.5238095238095238,0.4390407360735394,Qwen/Qwen2.5-7B-Instruct,TruthfulQA-MC1,vanilla_mc,2
7.0,0.4666666666666667,0.5333333333333333,18.0,0.12080536912751678,0.3888888888888889,0.49616705709033543,Qwen/Qwen2.5-7B-Instruct,TruthfulQA-MC1,vanilla_mc,2
8.0,0.5333333333333333,0.6,18.0,0.12080536912751678,0.4444444444444444,0.5616309510336982,Qwen/Qwen2.5-7B-Instruct,TruthfulQA-MC1,vanilla_mc,2
9.0,0.6,0.6666666666666666,9.0,0.06040268456375839,0.6666666666666666,0.6339994271596273,Qwen/Qwen2.5-7B-Instruct,TruthfulQA-MC1,vanilla_mc,2
10.0,0.6666666666666666,0.7333333333333333,15.0,0.10067114093959731,0.5333333333333333,0.6980082670847575,Qwen/Qwen2.5-7B-Instruct,TruthfulQA-MC1,vanilla_mc,2
11.0,0.7333333333333333,0.8,4.0,0.026845637583892617,0.0,0.7826397716999054,Qwen/Qwen2.5-7B-Instruct,TruthfulQA-MC1,vanilla_mc,2
12.0,0.8,0.8666666666666667,3.0,0.020134228187919462,0.0,0.8281179070472717,Qwen/Qwen2.5-7B-Instruct,TruthfulQA-MC1,vanilla_mc,2
13.0,0.8666666666666667,0.9333333333333333,3.0,0.020134228187919462,0.3333333333333333,0.8786906401316324,Qwen/Qwen2.5-7B-Instruct,TruthfulQA-MC1,vanilla_mc,2
14.0,0.9333333333333333,1.0,2.0,0.013422818791946308,0.5,0.9504077136516571,Qwen/Qwen2.5-7B-Instruct,TruthfulQA-MC1,vanilla_mc,2
0.0,0.0,0.06666666666666667,0.0,0.0,,,Qwen/Qwen2.5-7B-Instruct,FEVER,iga_v2_lowrank_mc,3
1.0,0.06666666666666667,0.13333333333333333,0.0,0.0,,,Qwen/Qwen2.5-7B-Instruct,FEVER,iga_v2_lowrank_mc,3
2.0,0.13333333333333333,0.2,0.0,0.0,,,Qwen/Qwen2.5-7B-Instruct,FEVER,iga_v2_lowrank_mc,3
3.0,0.2,0.26666666666666666,0.0,0.0,,,Qwen/Qwen2.5-7B-Instruct,FEVER,iga_v2_lowrank_mc,3
4.0,0.26666666666666666,0.3333333333333333,0.0,0.0,,,Qwen/Qwen2.5-7B-Instruct,FEVER,iga_v2_lowrank_mc,3
5.0,0.3333333333333333,0.4,1.0,0.0033333333333333335,0.0,0.3783397078514099,Qwen/Qwen2.5-7B-Instruct,FEVER,iga_v2_lowrank_mc,3
6.0,0.4,0.4666666666666667,3.0,0.01,0.3333333333333333,0.43319233258565265,Qwen/Qwen2.5-7B-Instruct,FEVER,iga_v2_lowrank_mc,3
7.0,0.4666666666666667,0.5333333333333333,16.0,0.05333333333333334,0.375,0.5052897315472364,Qwen/Qwen2.5-7B-Instruct,FEVER,iga_v2_lowrank_mc,3
8.0,0.5333333333333333,0.6,37.0,0.12333333333333334,0.5675675675675675,0.5690854304545635,Qwen/Qwen2.5-7B-Instruct,FEVER,iga_v2_lowrank_mc,3
9.0,0.6,0.6666666666666666,34.0,0.11333333333333333,0.5294117647058824,0.6334003402906305,Qwen/Qwen2.5-7B-Instruct,FEVER,iga_v2_lowrank_mc,3
10.0,0.6666666666666666,0.7333333333333333,32.0,0.10666666666666667,0.53125,0.6967706028372049,Qwen/Qwen2.5-7B-Instruct,FEVER,iga_v2_lowrank_mc,3
11.0,0.7333333333333333,0.8,48.0,0.16,0.3333333333333333,0.7697715436418852,Qwen/Qwen2.5-7B-Instruct,FEVER,iga_v2_lowrank_mc,3
12.0,0.8,0.8666666666666667,36.0,0.12,0.4444444444444444,0.8365127378039889,Qwen/Qwen2.5-7B-Instruct,FEVER,iga_v2_lowrank_mc,3
13.0,0.8666666666666667,0.9333333333333333,27.0,0.09,0.48148148148148145,0.9027872615390353,Qwen/Qwen2.5-7B-Instruct,FEVER,iga_v2_lowrank_mc,3
14.0,0.9333333333333333,1.0,66.0,0.22,0.6666666666666666,0.976158236915415,Qwen/Qwen2.5-7B-Instruct,FEVER,iga_v2_lowrank_mc,3
0.0,0.0,0.06666666666666667,0.0,0.0,,,Qwen/Qwen2.5-7B-Instruct,FEVER,self_consistency_mc,3
1.0,0.06666666666666667,0.13333333333333333,0.0,0.0,,,Qwen/Qwen2.5-7B-Instruct,FEVER,self_consistency_mc,3
2.0,0.13333333333333333,0.2,0.0,0.0,,,Qwen/Qwen2.5-7B-Instruct,FEVER,self_consistency_mc,3
3.0,0.2,0.26666666666666666,0.0,0.0,,,Qwen/Qwen2.5-7B-Instruct,FEVER,self_consistency_mc,3
4.0,0.26666666666666666,0.3333333333333333,0.0,0.0,,,Qwen/Qwen2.5-7B-Instruct,FEVER,self_consistency_mc,3
5.0,0.3333333333333333,0.4,0.0,0.0,,,Qwen/Qwen2.5-7B-Instruct,FEVER,self_consistency_mc,3
6.0,0.4,0.4666666666666667,21.0,0.07,0.23809523809523808,0.4000000059604645,Qwen/Qwen2.5-7B-Instruct,FEVER,self_consistency_mc,3
7.0,0.4666666666666667,0.5333333333333333,0.0,0.0,,,Qwen/Qwen2.5-7B-Instruct,FEVER,self_consistency_mc,3
8.0,0.5333333333333333,0.6,0.0,0.0,,,Qwen/Qwen2.5-7B-Instruct,FEVER,self_consistency_mc,3
9.0,0.6,0.6666666666666666,71.0,0.23666666666666666,0.4084507042253521,0.6000000238418579,Qwen/Qwen2.5-7B-Instruct,FEVER,self_consistency_mc,3
10.0,0.6666666666666666,0.7333333333333333,0.0,0.0,,,Qwen/Qwen2.5-7B-Instruct,FEVER,self_consistency_mc,3
11.0,0.7333333333333333,0.8,0.0,0.0,,,Qwen/Qwen2.5-7B-Instruct,FEVER,self_consistency_mc,3
12.0,0.8,0.8666666666666667,60.0,0.2,0.23333333333333334,0.800000011920929,Qwen/Qwen2.5-7B-Instruct,FEVER,self_consistency_mc,3
13.0,0.8666666666666667,0.9333333333333333,0.0,0.0,,,Qwen/Qwen2.5-7B-Instruct,FEVER,self_consistency_mc,3
14.0,0.9333333333333333,1.0,148.0,0.49333333333333335,0.6418918918918919,1.0,Qwen/Qwen2.5-7B-Instruct,FEVER,self_consistency_mc,3
0.0,0.0,0.06666666666666667,21.0,0.07,0.23809523809523808,0.03977024555206299,Qwen/Qwen2.5-7B-Instruct,FEVER,semantic_entropy_mc,3
1.0,0.06666666666666667,0.13333333333333333,0.0,0.0,,,Qwen/Qwen2.5-7B-Instruct,FEVER,semantic_entropy_mc,3
2.0,0.13333333333333333,0.2,21.0,0.07,0.42857142857142855,0.13502651453018188,Qwen/Qwen2.5-7B-Instruct,FEVER,semantic_entropy_mc,3
3.0,0.2,0.26666666666666666,0.0,0.0,,,Qwen/Qwen2.5-7B-Instruct,FEVER,semantic_entropy_mc,3
4.0,0.26666666666666666,0.3333333333333333,0.0,0.0,,,Qwen/Qwen2.5-7B-Instruct,FEVER,semantic_entropy_mc,3
5.0,0.3333333333333333,0.4,50.0,0.16666666666666666,0.4,0.3873984217643738,Qwen/Qwen2.5-7B-Instruct,FEVER,semantic_entropy_mc,3
6.0,0.4,0.4666666666666667,0.0,0.0,,,Qwen/Qwen2.5-7B-Instruct,FEVER,semantic_entropy_mc,3
7.0,0.4666666666666667,0.5333333333333333,0.0,0.0,,,Qwen/Qwen2.5-7B-Instruct,FEVER,semantic_entropy_mc,3
8.0,0.5333333333333333,0.6,60.0,0.2,0.23333333333333334,0.5445141196250916,Qwen/Qwen2.5-7B-Instruct,FEVER,semantic_entropy_mc,3
9.0,0.6,0.6666666666666666,0.0,0.0,,,Qwen/Qwen2.5-7B-Instruct,FEVER,semantic_entropy_mc,3
10.0,0.6666666666666666,0.7333333333333333,0.0,0.0,,,Qwen/Qwen2.5-7B-Instruct,FEVER,semantic_entropy_mc,3
11.0,0.7333333333333333,0.8,0.0,0.0,,,Qwen/Qwen2.5-7B-Instruct,FEVER,semantic_entropy_mc,3
12.0,0.8,0.8666666666666667,0.0,0.0,,,Qwen/Qwen2.5-7B-Instruct,FEVER,semantic_entropy_mc,3
13.0,0.8666666666666667,0.9333333333333333,0.0,0.0,,,Qwen/Qwen2.5-7B-Instruct,FEVER,semantic_entropy_mc,3
14.0,0.9333333333333333,1.0,148.0,0.49333333333333335,0.6418918918918919,0.9999999999496982,Qwen/Qwen2.5-7B-Instruct,FEVER,semantic_entropy_mc,3
0.0,0.0,0.06666666666666667,0.0,0.0,,,Qwen/Qwen2.5-7B-Instruct,FEVER,temperature_mc,3
1.0,0.06666666666666667,0.13333333333333333,0.0,0.0,,,Qwen/Qwen2.5-7B-Instruct,FEVER,temperature_mc,3
2.0,0.13333333333333333,0.2,0.0,0.0,,,Qwen/Qwen2.5-7B-Instruct,FEVER,temperature_mc,3
3.0,0.2,0.26666666666666666,0.0,0.0,,,Qwen/Qwen2.5-7B-Instruct,FEVER,temperature_mc,3
4.0,0.26666666666666666,0.3333333333333333,0.0,0.0,,,Qwen/Qwen2.5-7B-Instruct,FEVER,temperature_mc,3
5.0,0.3333333333333333,0.4,0.0,0.0,,,Qwen/Qwen2.5-7B-Instruct,FEVER,temperature_mc,3
6.0,0.4,0.4666666666666667,0.0,0.0,,,Qwen/Qwen2.5-7B-Instruct,FEVER,temperature_mc,3
7.0,0.4666666666666667,0.5333333333333333,1.0,0.0033333333333333335,0.0,0.5032897591590881,Qwen/Qwen2.5-7B-Instruct,FEVER,temperature_mc,3
8.0,0.5333333333333333,0.6,2.0,0.006666666666666667,0.5,0.5609868466854095,Qwen/Qwen2.5-7B-Instruct,FEVER,temperature_mc,3
9.0,0.6,0.6666666666666666,3.0,0.01,0.3333333333333333,0.6286668380101522,Qwen/Qwen2.5-7B-Instruct,FEVER,temperature_mc,3
10.0,0.6666666666666666,0.7333333333333333,7.0,0.023333333333333334,0.2857142857142857,0.7082164798464093,Qwen/Qwen2.5-7B-Instruct,FEVER,temperature_mc,3
11.0,0.7333333333333333,0.8,10.0,0.03333333333333333,0.3,0.7703674495220184,Qwen/Qwen2.5-7B-Instruct,FEVER,temperature_mc,3
12.0,0.8,0.8666666666666667,21.0,0.07,0.14285714285714285,0.8306083338601249,Qwen/Qwen2.5-7B-Instruct,FEVER,temperature_mc,3
13.0,0.8666666666666667,0.9333333333333333,36.0,0.12,0.3333333333333333,0.9019815574089686,Qwen/Qwen2.5-7B-Instruct,FEVER,temperature_mc,3
14.0,0.9333333333333333,1.0,220.0,0.7333333333333333,0.3,0.978270174427466,Qwen/Qwen2.5-7B-Instruct,FEVER,temperature_mc,3
0.0,0.0,0.06666666666666667,0.0,0.0,,,Qwen/Qwen2.5-7B-Instruct,FEVER,vanilla_mc,3
1.0,0.06666666666666667,0.13333333333333333,0.0,0.0,,,Qwen/Qwen2.5-7B-Instruct,FEVER,vanilla_mc,3
2.0,0.13333333333333333,0.2,0.0,0.0,,,Qwen/Qwen2.5-7B-Instruct,FEVER,vanilla_mc,3
3.0,0.2,0.26666666666666666,0.0,0.0,,,Qwen/Qwen2.5-7B-Instruct,FEVER,vanilla_mc,3
4.0,0.26666666666666666,0.3333333333333333,0.0,0.0,,,Qwen/Qwen2.5-7B-Instruct,FEVER,vanilla_mc,3
5.0,0.3333333333333333,0.4,0.0,0.0,,,Qwen/Qwen2.5-7B-Instruct,FEVER,vanilla_mc,3
6.0,0.4,0.4666666666666667,0.0,0.0,,,Qwen/Qwen2.5-7B-Instruct,FEVER,vanilla_mc,3
7.0,0.4666666666666667,0.5333333333333333,2.0,0.006666666666666667,0.0,0.5151220560073853,Qwen/Qwen2.5-7B-Instruct,FEVER,vanilla_mc,3
8.0,0.5333333333333333,0.6,3.0,0.01,0.3333333333333333,0.5732866724332174,Qwen/Qwen2.5-7B-Instruct,FEVER,vanilla_mc,3
9.0,0.6,0.6666666666666666,7.0,0.023333333333333334,0.2857142857142857,0.6415966493742806,Qwen/Qwen2.5-7B-Instruct,FEVER,vanilla_mc,3
10.0,0.6666666666666666,0.7333333333333333,15.0,0.05,0.26666666666666666,0.7062742471694946,Qwen/Qwen2.5-7B-Instruct,FEVER,vanilla_mc,3
11.0,0.7333333333333333,0.8,24.0,0.08,0.16666666666666666,0.7684235870838165,Qwen/Qwen2.5-7B-Instruct,FEVER,vanilla_mc,3
12.0,0.8,0.8666666666666667,29.0,0.09666666666666666,0.3793103448275862,0.8331538356583694,Qwen/Qwen2.5-7B-Instruct,FEVER,vanilla_mc,3
13.0,0.8666666666666667,0.9333333333333333,88.0,0.29333333333333333,0.22727272727272727,0.9069998061115091,Qwen/Qwen2.5-7B-Instruct,FEVER,vanilla_mc,3
14.0,0.9333333333333333,1.0,132.0,0.44,0.3484848484848485,0.9572961637468049,Qwen/Qwen2.5-7B-Instruct,FEVER,vanilla_mc,3
0.0,0.0,0.06666666666666667,0.0,0.0,,,Qwen/Qwen2.5-7B-Instruct,HaluEval-QA,iga_v2_lowrank_mc,3
1.0,0.06666666666666667,0.13333333333333333,0.0,0.0,,,Qwen/Qwen2.5-7B-Instruct,HaluEval-QA,iga_v2_lowrank_mc,3
2.0,0.13333333333333333,0.2,0.0,0.0,,,Qwen/Qwen2.5-7B-Instruct,HaluEval-QA,iga_v2_lowrank_mc,3
3.0,0.2,0.26666666666666666,0.0,0.0,,,Qwen/Qwen2.5-7B-Instruct,HaluEval-QA,iga_v2_lowrank_mc,3
4.0,0.26666666666666666,0.3333333333333333,0.0,0.0,,,Qwen/Qwen2.5-7B-Instruct,HaluEval-QA,iga_v2_lowrank_mc,3
5.0,0.3333333333333333,0.4,0.0,0.0,,,Qwen/Qwen2.5-7B-Instruct,HaluEval-QA,iga_v2_lowrank_mc,3
6.0,0.4,0.4666666666666667,0.0,0.0,,,Qwen/Qwen2.5-7B-Instruct,HaluEval-QA,iga_v2_lowrank_mc,3
7.0,0.4666666666666667,0.5333333333333333,1.0,0.0033333333333333335,1.0,0.5007318258285522,Qwen/Qwen2.5-7B-Instruct,HaluEval-QA,iga_v2_lowrank_mc,3
8.0,0.5333333333333333,0.6,3.0,0.01,1.0,0.560111403465271,Qwen/Qwen2.5-7B-Instruct,HaluEval-QA,iga_v2_lowrank_mc,3
9.0,0.6,0.6666666666666666,4.0,0.013333333333333334,1.0,0.6368886977434158,Qwen/Qwen2.5-7B-Instruct,HaluEval-QA,iga_v2_lowrank_mc,3
10.0,0.6666666666666666,0.7333333333333333,5.0,0.016666666666666666,0.4,0.7009735584259034,Qwen/Qwen2.5-7B-Instruct,HaluEval-QA,iga_v2_lowrank_mc,3
11.0,0.7333333333333333,0.8,3.0,0.01,0.0,0.7736701170603434,Qwen/Qwen2.5-7B-Instruct,HaluEval-QA,iga_v2_lowrank_mc,3
12.0,0.8,0.8666666666666667,5.0,0.016666666666666666,0.6,0.8392890930175781,Qwen/Qwen2.5-7B-Instruct,HaluEval-QA,iga_v2_lowrank_mc,3
13.0,0.8666666666666667,0.9333333333333333,7.0,0.023333333333333334,0.8571428571428571,0.9125037789344788,Qwen/Qwen2.5-7B-Instruct,HaluEval-QA,iga_v2_lowrank_mc,3
14.0,0.9333333333333333,1.0,272.0,0.9066666666666666,0.9705882352941176,0.9931107823024777,Qwen/Qwen2.5-7B-Instruct,HaluEval-QA,iga_v2_lowrank_mc,3
0.0,0.0,0.06666666666666667,0.0,0.0,,,Qwen/Qwen2.5-7B-Instruct,HaluEval-QA,self_consistency_mc,3
1.0,0.06666666666666667,0.13333333333333333,0.0,0.0,,,Qwen/Qwen2.5-7B-Instruct,HaluEval-QA,self_consistency_mc,3
2.0,0.13333333333333333,0.2,0.0,0.0,,,Qwen/Qwen2.5-7B-Instruct,HaluEval-QA,self_consistency_mc,3
3.0,0.2,0.26666666666666666,0.0,0.0,,,Qwen/Qwen2.5-7B-Instruct,HaluEval-QA,self_consistency_mc,3
4.0,0.26666666666666666,0.3333333333333333,0.0,0.0,,,Qwen/Qwen2.5-7B-Instruct,HaluEval-QA,self_consistency_mc,3
5.0,0.3333333333333333,0.4,0.0,0.0,,,Qwen/Qwen2.5-7B-Instruct,HaluEval-QA,self_consistency_mc,3
6.0,0.4,0.4666666666666667,0.0,0.0,,,Qwen/Qwen2.5-7B-Instruct,HaluEval-QA,self_consistency_mc,3
7.0,0.4666666666666667,0.5333333333333333,1.0,0.0033333333333333335,0.0,0.5,Qwen/Qwen2.5-7B-Instruct,HaluEval-QA,self_consistency_mc,3
8.0,0.5333333333333333,0.6,0.0,0.0,,,Qwen/Qwen2.5-7B-Instruct,HaluEval-QA,self_consistency_mc,3
9.0,0.6,0.6666666666666666,17.0,0.056666666666666664,0.5882352941176471,0.6000000238418579,Qwen/Qwen2.5-7B-Instruct,HaluEval-QA,self_consistency_mc,3
10.0,0.6666666666666666,0.7333333333333333,0.0,0.0,,,Qwen/Qwen2.5-7B-Instruct,HaluEval-QA,self_consistency_mc,3
11.0,0.7333333333333333,0.8,0.0,0.0,,,Qwen/Qwen2.5-7B-Instruct,HaluEval-QA,self_consistency_mc,3
12.0,0.8,0.8666666666666667,19.0,0.06333333333333334,0.631578947368421,0.800000011920929,Qwen/Qwen2.5-7B-Instruct,HaluEval-QA,self_consistency_mc,3
13.0,0.8666666666666667,0.9333333333333333,0.0,0.0,,,Qwen/Qwen2.5-7B-Instruct,HaluEval-QA,self_consistency_mc,3
14.0,0.9333333333333333,1.0,263.0,0.8766666666666667,0.6577946768060836,1.0,Qwen/Qwen2.5-7B-Instruct,HaluEval-QA,self_consistency_mc,3
0.0,0.0,0.06666666666666667,18.0,0.06,0.5555555555555556,0.0274355411529541,Qwen/Qwen2.5-7B-Instruct,HaluEval-QA,semantic_entropy_mc,3
1.0,0.06666666666666667,0.13333333333333333,0.0,0.0,,,Qwen/Qwen2.5-7B-Instruct,HaluEval-QA,semantic_entropy_mc,3
2.0,0.13333333333333333,0.2,0.0,0.0,,,Qwen/Qwen2.5-7B-Instruct,HaluEval-QA,semantic_entropy_mc,3
3.0,0.2,0.26666666666666666,0.0,0.0,,,Qwen/Qwen2.5-7B-Instruct,HaluEval-QA,semantic_entropy_mc,3
4.0,0.26666666666666666,0.3333333333333333,19.0,0.06333333333333334,0.631578947368421,0.27807193994522095,Qwen/Qwen2.5-7B-Instruct,HaluEval-QA,semantic_entropy_mc,3
5.0,0.3333333333333333,0.4,0.0,0.0,,,Qwen/Qwen2.5-7B-Instruct,HaluEval-QA,semantic_entropy_mc,3
6.0,0.4,0.4666666666666667,0.0,0.0,,,Qwen/Qwen2.5-7B-Instruct,HaluEval-QA,semantic_entropy_mc,3
7.0,0.4666666666666667,0.5333333333333333,0.0,0.0,,,Qwen/Qwen2.5-7B-Instruct,HaluEval-QA,semantic_entropy_mc,3
8.0,0.5333333333333333,0.6,0.0,0.0,,,Qwen/Qwen2.5-7B-Instruct,HaluEval-QA,semantic_entropy_mc,3
9.0,0.6,0.6666666666666666,0.0,0.0,,,Qwen/Qwen2.5-7B-Instruct,HaluEval-QA,semantic_entropy_mc,3
10.0,0.6666666666666666,0.7333333333333333,0.0,0.0,,,Qwen/Qwen2.5-7B-Instruct,HaluEval-QA,semantic_entropy_mc,3
11.0,0.7333333333333333,0.8,0.0,0.0,,,Qwen/Qwen2.5-7B-Instruct,HaluEval-QA,semantic_entropy_mc,3
12.0,0.8,0.8666666666666667,0.0,0.0,,,Qwen/Qwen2.5-7B-Instruct,HaluEval-QA,semantic_entropy_mc,3
13.0,0.8666666666666667,0.9333333333333333,0.0,0.0,,,Qwen/Qwen2.5-7B-Instruct,HaluEval-QA,semantic_entropy_mc,3
14.0,0.9333333333333333,1.0,263.0,0.8766666666666667,0.6577946768060836,0.999999999960137,Qwen/Qwen2.5-7B-Instruct,HaluEval-QA,semantic_entropy_mc,3
0.0,0.0,0.06666666666666667,0.0,0.0,,,Qwen/Qwen2.5-7B-Instruct,HaluEval-QA,temperature_mc,3
1.0,0.06666666666666667,0.13333333333333333,0.0,0.0,,,Qwen/Qwen2.5-7B-Instruct,HaluEval-QA,temperature_mc,3
2.0,0.13333333333333333,0.2,0.0,0.0,,,Qwen/Qwen2.5-7B-Instruct,HaluEval-QA,temperature_mc,3
3.0,0.2,0.26666666666666666,0.0,0.0,,,Qwen/Qwen2.5-7B-Instruct,HaluEval-QA,temperature_mc,3
4.0,0.26666666666666666,0.3333333333333333,0.0,0.0,,,Qwen/Qwen2.5-7B-Instruct,HaluEval-QA,temperature_mc,3
5.0,0.3333333333333333,0.4,0.0,0.0,,,Qwen/Qwen2.5-7B-Instruct,HaluEval-QA,temperature_mc,3
6.0,0.4,0.4666666666666667,0.0,0.0,,,Qwen/Qwen2.5-7B-Instruct,HaluEval-QA,temperature_mc,3
7.0,0.4666666666666667,0.5333333333333333,5.0,0.016666666666666666,0.2,0.5186193704605102,Qwen/Qwen2.5-7B-Instruct,HaluEval-QA,temperature_mc,3
8.0,0.5333333333333333,0.6,6.0,0.02,0.3333333333333333,0.5596896509329478,Qwen/Qwen2.5-7B-Instruct,HaluEval-QA,temperature_mc,3
9.0,0.6,0.6666666666666666,6.0,0.02,0.16666666666666666,0.6239796082178751,Qwen/Qwen2.5-7B-Instruct,HaluEval-QA,temperature_mc,3
10.0,0.6666666666666666,0.7333333333333333,14.0,0.04666666666666667,0.5,0.700670063495636,Qwen/Qwen2.5-7B-Instruct,HaluEval-QA,temperature_mc,3
11.0,0.7333333333333333,0.8,14.0,0.04666666666666667,0.2857142857142857,0.7638735260282244,Qwen/Qwen2.5-7B-Instruct,HaluEval-QA,temperature_mc,3
12.0,0.8,0.8666666666666667,17.0,0.056666666666666664,0.058823529411764705,0.8364759403116563,Qwen/Qwen2.5-7B-Instruct,HaluEval-QA,temperature_mc,3
13.0,0.8666666666666667,0.9333333333333333,20.0,0.06666666666666667,0.1,0.9036492139101029,Qwen/Qwen2.5-7B-Instruct,HaluEval-QA,temperature_mc,3
14.0,0.9333333333333333,1.0,218.0,0.7266666666666667,0.6834862385321101,0.991797503528245,Qwen/Qwen2.5-7B-Instruct,HaluEval-QA,temperature_mc,3
0.0,0.0,0.06666666666666667,0.0,0.0,,,Qwen/Qwen2.5-7B-Instruct,HaluEval-QA,vanilla_mc,3
1.0,0.06666666666666667,0.13333333333333333,0.0,0.0,,,Qwen/Qwen2.5-7B-Instruct,HaluEval-QA,vanilla_mc,3
2.0,0.13333333333333333,0.2,0.0,0.0,,,Qwen/Qwen2.5-7B-Instruct,HaluEval-QA,vanilla_mc,3
3.0,0.2,0.26666666666666666,0.0,0.0,,,Qwen/Qwen2.5-7B-Instruct,HaluEval-QA,vanilla_mc,3
4.0,0.26666666666666666,0.3333333333333333,0.0,0.0,,,Qwen/Qwen2.5-7B-Instruct,HaluEval-QA,vanilla_mc,3
5.0,0.3333333333333333,0.4,0.0,0.0,,,Qwen/Qwen2.5-7B-Instruct,HaluEval-QA,vanilla_mc,3
6.0,0.4,0.4666666666666667,0.0,0.0,,,Qwen/Qwen2.5-7B-Instruct,HaluEval-QA,vanilla_mc,3
7.0,0.4666666666666667,0.5333333333333333,7.0,0.023333333333333334,0.14285714285714285,0.5168205159051078,Qwen/Qwen2.5-7B-Instruct,HaluEval-QA,vanilla_mc,3
8.0,0.5333333333333333,0.6,9.0,0.03,0.3333333333333333,0.5694129599465264,Qwen/Qwen2.5-7B-Instruct,HaluEval-QA,vanilla_mc,3
9.0,0.6,0.6666666666666666,15.0,0.05,0.4666666666666667,0.6417965173721314,Qwen/Qwen2.5-7B-Instruct,HaluEval-QA,vanilla_mc,3
10.0,0.6666666666666666,0.7333333333333333,16.0,0.05333333333333334,0.25,0.6992130018770695,Qwen/Qwen2.5-7B-Instruct,HaluEval-QA,vanilla_mc,3
11.0,0.7333333333333333,0.8,18.0,0.06,0.05555555555555555,0.7676290174325308,Qwen/Qwen2.5-7B-Instruct,HaluEval-QA,vanilla_mc,3
12.0,0.8,0.8666666666666667,18.0,0.06,0.16666666666666666,0.8360544277562035,Qwen/Qwen2.5-7B-Instruct,HaluEval-QA,vanilla_mc,3
13.0,0.8666666666666667,0.9333333333333333,30.0,0.1,0.26666666666666666,0.8980091492335002,Qwen/Qwen2.5-7B-Instruct,HaluEval-QA,vanilla_mc,3
14.0,0.9333333333333333,1.0,187.0,0.6233333333333333,0.7486631016042781,0.9903408387765528,Qwen/Qwen2.5-7B-Instruct,HaluEval-QA,vanilla_mc,3
0.0,0.0,0.06666666666666667,0.0,0.0,,,Qwen/Qwen2.5-7B-Instruct,TruthfulQA-MC1,iga_v2_lowrank_mc,3
1.0,0.06666666666666667,0.13333333333333333,0.0,0.0,,,Qwen/Qwen2.5-7B-Instruct,TruthfulQA-MC1,iga_v2_lowrank_mc,3
2.0,0.13333333333333333,0.2,2.0,0.013422818791946308,0.5,0.15635613352060318,Qwen/Qwen2.5-7B-Instruct,TruthfulQA-MC1,iga_v2_lowrank_mc,3
3.0,0.2,0.26666666666666666,10.0,0.06711409395973154,0.1,0.24643402993679048,Qwen/Qwen2.5-7B-Instruct,TruthfulQA-MC1,iga_v2_lowrank_mc,3
4.0,0.26666666666666666,0.3333333333333333,21.0,0.14093959731543623,0.23809523809523808,0.3072247675486973,Qwen/Qwen2.5-7B-Instruct,TruthfulQA-MC1,iga_v2_lowrank_mc,3
5.0,0.3333333333333333,0.4,21.0,0.14093959731543623,0.42857142857142855,0.36336033259119305,Qwen/Qwen2.5-7B-Instruct,TruthfulQA-MC1,iga_v2_lowrank_mc,3
6.0,0.4,0.4666666666666667,22.0,0.1476510067114094,0.5,0.43384942276911304,Qwen/Qwen2.5-7B-Instruct,TruthfulQA-MC1,iga_v2_lowrank_mc,3
7.0,0.4666666666666667,0.5333333333333333,20.0,0.1342281879194631,0.6,0.49908160269260404,Qwen/Qwen2.5-7B-Instruct,TruthfulQA-MC1,iga_v2_lowrank_mc,3
8.0,0.5333333333333333,0.6,18.0,0.12080536912751678,0.4444444444444444,0.5749523341655731,Qwen/Qwen2.5-7B-Instruct,TruthfulQA-MC1,iga_v2_lowrank_mc,3
9.0,0.6,0.6666666666666666,11.0,0.0738255033557047,0.5454545454545454,0.6284497813744978,Qwen/Qwen2.5-7B-Instruct,TruthfulQA-MC1,iga_v2_lowrank_mc,3
10.0,0.6666666666666666,0.7333333333333333,7.0,0.04697986577181208,0.5714285714285714,0.6859986867223468,Qwen/Qwen2.5-7B-Instruct,TruthfulQA-MC1,iga_v2_lowrank_mc,3
11.0,0.7333333333333333,0.8,12.0,0.08053691275167785,0.3333333333333333,0.7608747432629267,Qwen/Qwen2.5-7B-Instruct,TruthfulQA-MC1,iga_v2_lowrank_mc,3
12.0,0.8,0.8666666666666667,1.0,0.006711409395973154,1.0,0.8410510420799255,Qwen/Qwen2.5-7B-Instruct,TruthfulQA-MC1,iga_v2_lowrank_mc,3
13.0,0.8666666666666667,0.9333333333333333,3.0,0.020134228187919462,0.3333333333333333,0.8983004689216614,Qwen/Qwen2.5-7B-Instruct,TruthfulQA-MC1,iga_v2_lowrank_mc,3
14.0,0.9333333333333333,1.0,1.0,0.006711409395973154,1.0,0.9539875388145447,Qwen/Qwen2.5-7B-Instruct,TruthfulQA-MC1,iga_v2_lowrank_mc,3
0.0,0.0,0.06666666666666667,0.0,0.0,,,Qwen/Qwen2.5-7B-Instruct,TruthfulQA-MC1,self_consistency_mc,3
1.0,0.06666666666666667,0.13333333333333333,0.0,0.0,,,Qwen/Qwen2.5-7B-Instruct,TruthfulQA-MC1,self_consistency_mc,3
2.0,0.13333333333333333,0.2,0.0,0.0,,,Qwen/Qwen2.5-7B-Instruct,TruthfulQA-MC1,self_consistency_mc,3
3.0,0.2,0.26666666666666666,0.0,0.0,,,Qwen/Qwen2.5-7B-Instruct,TruthfulQA-MC1,self_consistency_mc,3
4.0,0.26666666666666666,0.3333333333333333,0.0,0.0,,,Qwen/Qwen2.5-7B-Instruct,TruthfulQA-MC1,self_consistency_mc,3
5.0,0.3333333333333333,0.4,0.0,0.0,,,Qwen/Qwen2.5-7B-Instruct,TruthfulQA-MC1,self_consistency_mc,3
6.0,0.4,0.4666666666666667,1.0,0.006711409395973154,0.0,0.4000000059604645,Qwen/Qwen2.5-7B-Instruct,TruthfulQA-MC1,self_consistency_mc,3
7.0,0.4666666666666667,0.5333333333333333,1.0,0.006711409395973154,0.0,0.5,Qwen/Qwen2.5-7B-Instruct,TruthfulQA-MC1,self_consistency_mc,3
8.0,0.5333333333333333,0.6,0.0,0.0,,,Qwen/Qwen2.5-7B-Instruct,TruthfulQA-MC1,self_consistency_mc,3
9.0,0.6,0.6666666666666666,9.0,0.06040268456375839,0.1111111111111111,0.6000000238418579,Qwen/Qwen2.5-7B-Instruct,TruthfulQA-MC1,self_consistency_mc,3
10.0,0.6666666666666666,0.7333333333333333,0.0,0.0,,,Qwen/Qwen2.5-7B-Instruct,TruthfulQA-MC1,self_consistency_mc,3
11.0,0.7333333333333333,0.8,0.0,0.0,,,Qwen/Qwen2.5-7B-Instruct,TruthfulQA-MC1,self_consistency_mc,3
12.0,0.8,0.8666666666666667,9.0,0.06040268456375839,0.1111111111111111,0.800000011920929,Qwen/Qwen2.5-7B-Instruct,TruthfulQA-MC1,self_consistency_mc,3
13.0,0.8666666666666667,0.9333333333333333,0.0,0.0,,,Qwen/Qwen2.5-7B-Instruct,TruthfulQA-MC1,self_consistency_mc,3
14.0,0.9333333333333333,1.0,129.0,0.8657718120805369,0.7364341085271318,1.0,Qwen/Qwen2.5-7B-Instruct,TruthfulQA-MC1,self_consistency_mc,3
0.0,0.0,0.06666666666666667,0.0,0.0,,,Qwen/Qwen2.5-7B-Instruct,TruthfulQA-MC1,semantic_entropy_mc,3
1.0,0.06666666666666667,0.13333333333333333,0.0,0.0,,,Qwen/Qwen2.5-7B-Instruct,TruthfulQA-MC1,semantic_entropy_mc,3
2.0,0.13333333333333333,0.2,0.0,0.0,,,Qwen/Qwen2.5-7B-Instruct,TruthfulQA-MC1,semantic_entropy_mc,3
3.0,0.2,0.26666666666666666,0.0,0.0,,,Qwen/Qwen2.5-7B-Instruct,TruthfulQA-MC1,semantic_entropy_mc,3
4.0,0.26666666666666666,0.3333333333333333,0.0,0.0,,,Qwen/Qwen2.5-7B-Instruct,TruthfulQA-MC1,semantic_entropy_mc,3
5.0,0.3333333333333333,0.4,2.0,0.013422818791946308,0.0,0.3873984217643738,Qwen/Qwen2.5-7B-Instruct,TruthfulQA-MC1,semantic_entropy_mc,3
6.0,0.4,0.4666666666666667,4.0,0.026845637583892617,0.0,0.42164234817028046,Qwen/Qwen2.5-7B-Instruct,TruthfulQA-MC1,semantic_entropy_mc,3
7.0,0.4666666666666667,0.5333333333333333,2.0,0.013422818791946308,0.0,0.5072623491287231,Qwen/Qwen2.5-7B-Instruct,TruthfulQA-MC1,semantic_entropy_mc,3
8.0,0.5333333333333333,0.6,1.0,0.006711409395973154,0.0,0.5818343460559845,Qwen/Qwen2.5-7B-Instruct,TruthfulQA-MC1,semantic_entropy_mc,3
9.0,0.6,0.6666666666666666,4.0,0.026845637583892617,0.25,0.6317105144262314,Qwen/Qwen2.5-7B-Instruct,TruthfulQA-MC1,semantic_entropy_mc,3
10.0,0.6666666666666666,0.7333333333333333,7.0,0.04697986577181208,0.14285714285714285,0.7026414956365313,Qwen/Qwen2.5-7B-Instruct,TruthfulQA-MC1,semantic_entropy_mc,3
11.0,0.7333333333333333,0.8,0.0,0.0,,,Qwen/Qwen2.5-7B-Instruct,TruthfulQA-MC1,semantic_entropy_mc,3
12.0,0.8,0.8666666666666667,0.0,0.0,,,Qwen/Qwen2.5-7B-Instruct,TruthfulQA-MC1,semantic_entropy_mc,3
13.0,0.8666666666666667,0.9333333333333333,0.0,0.0,,,Qwen/Qwen2.5-7B-Instruct,TruthfulQA-MC1,semantic_entropy_mc,3
14.0,0.9333333333333333,1.0,129.0,0.8657718120805369,0.7364341085271318,0.9999999999330067,Qwen/Qwen2.5-7B-Instruct,TruthfulQA-MC1,semantic_entropy_mc,3
0.0,0.0,0.06666666666666667,0.0,0.0,,,Qwen/Qwen2.5-7B-Instruct,TruthfulQA-MC1,temperature_mc,3
1.0,0.06666666666666667,0.13333333333333333,0.0,0.0,,,Qwen/Qwen2.5-7B-Instruct,TruthfulQA-MC1,temperature_mc,3
2.0,0.13333333333333333,0.2,2.0,0.013422818791946308,0.0,0.1638968586921692,Qwen/Qwen2.5-7B-Instruct,TruthfulQA-MC1,temperature_mc,3
3.0,0.2,0.26666666666666666,5.0,0.03355704697986577,0.2,0.2552686810493469,Qwen/Qwen2.5-7B-Instruct,TruthfulQA-MC1,temperature_mc,3
4.0,0.26666666666666666,0.3333333333333333,11.0,0.0738255033557047,0.09090909090909091,0.297516099431298,Qwen/Qwen2.5-7B-Instruct,TruthfulQA-MC1,temperature_mc,3
5.0,0.3333333333333333,0.4,18.0,0.12080536912751678,0.05555555555555555,0.3684450536966324,Qwen/Qwen2.5-7B-Instruct,TruthfulQA-MC1,temperature_mc,3
6.0,0.4,0.4666666666666667,19.0,0.12751677852348994,0.5263157894736842,0.4308818265011436,Qwen/Qwen2.5-7B-Instruct,TruthfulQA-MC1,temperature_mc,3
7.0,0.4666666666666667,0.5333333333333333,19.0,0.12751677852348994,0.3684210526315789,0.5070325136184692,Qwen/Qwen2.5-7B-Instruct,TruthfulQA-MC1,temperature_mc,3
8.0,0.5333333333333333,0.6,15.0,0.10067114093959731,0.4,0.5625843167304992,Qwen/Qwen2.5-7B-Instruct,TruthfulQA-MC1,temperature_mc,3
9.0,0.6,0.6666666666666666,14.0,0.09395973154362416,0.6428571428571429,0.6235505853380475,Qwen/Qwen2.5-7B-Instruct,TruthfulQA-MC1,temperature_mc,3
10.0,0.6666666666666666,0.7333333333333333,12.0,0.08053691275167785,0.5,0.6935260991255442,Qwen/Qwen2.5-7B-Instruct,TruthfulQA-MC1,temperature_mc,3
11.0,0.7333333333333333,0.8,11.0,0.0738255033557047,0.5454545454545454,0.7570608637549661,Qwen/Qwen2.5-7B-Instruct,TruthfulQA-MC1,temperature_mc,3
12.0,0.8,0.8666666666666667,12.0,0.08053691275167785,0.5833333333333334,0.8277845581372579,Qwen/Qwen2.5-7B-Instruct,TruthfulQA-MC1,temperature_mc,3
13.0,0.8666666666666667,0.9333333333333333,6.0,0.040268456375838924,0.0,0.915429045756658,Qwen/Qwen2.5-7B-Instruct,TruthfulQA-MC1,temperature_mc,3
14.0,0.9333333333333333,1.0,5.0,0.03355704697986577,0.4,0.969660222530365,Qwen/Qwen2.5-7B-Instruct,TruthfulQA-MC1,temperature_mc,3
0.0,0.0,0.06666666666666667,0.0,0.0,,,Qwen/Qwen2.5-7B-Instruct,TruthfulQA-MC1,vanilla_mc,3
1.0,0.06666666666666667,0.13333333333333333,0.0,0.0,,,Qwen/Qwen2.5-7B-Instruct,TruthfulQA-MC1,vanilla_mc,3
2.0,0.13333333333333333,0.2,2.0,0.013422818791946308,0.0,0.15002037584781647,Qwen/Qwen2.5-7B-Instruct,TruthfulQA-MC1,vanilla_mc,3
3.0,0.2,0.26666666666666666,11.0,0.0738255033557047,0.09090909090909091,0.24131318520415912,Qwen/Qwen2.5-7B-Instruct,TruthfulQA-MC1,vanilla_mc,3
4.0,0.26666666666666666,0.3333333333333333,21.0,0.14093959731543623,0.14285714285714285,0.30942731102307636,Qwen/Qwen2.5-7B-Instruct,TruthfulQA-MC1,vanilla_mc,3
5.0,0.3333333333333333,0.4,22.0,0.1476510067114094,0.45454545454545453,0.3642371933568608,Qwen/Qwen2.5-7B-Instruct,TruthfulQA-MC1,vanilla_mc,3
6.0,0.4,0.4666666666666667,21.0,0.14093959731543623,0.5238095238095238,0.4390407360735394,Qwen/Qwen2.5-7B-Instruct,TruthfulQA-MC1,vanilla_mc,3
7.0,0.4666666666666667,0.5333333333333333,18.0,0.12080536912751678,0.3888888888888889,0.49616705709033543,Qwen/Qwen2.5-7B-Instruct,TruthfulQA-MC1,vanilla_mc,3
8.0,0.5333333333333333,0.6,18.0,0.12080536912751678,0.4444444444444444,0.5616309510336982,Qwen/Qwen2.5-7B-Instruct,TruthfulQA-MC1,vanilla_mc,3
9.0,0.6,0.6666666666666666,9.0,0.06040268456375839,0.6666666666666666,0.6339994271596273,Qwen/Qwen2.5-7B-Instruct,TruthfulQA-MC1,vanilla_mc,3
10.0,0.6666666666666666,0.7333333333333333,15.0,0.10067114093959731,0.5333333333333333,0.6980082670847575,Qwen/Qwen2.5-7B-Instruct,TruthfulQA-MC1,vanilla_mc,3
11.0,0.7333333333333333,0.8,4.0,0.026845637583892617,0.0,0.7826397716999054,Qwen/Qwen2.5-7B-Instruct,TruthfulQA-MC1,vanilla_mc,3
12.0,0.8,0.8666666666666667,3.0,0.020134228187919462,0.0,0.8281179070472717,Qwen/Qwen2.5-7B-Instruct,TruthfulQA-MC1,vanilla_mc,3
13.0,0.8666666666666667,0.9333333333333333,3.0,0.020134228187919462,0.3333333333333333,0.8786906401316324,Qwen/Qwen2.5-7B-Instruct,TruthfulQA-MC1,vanilla_mc,3
14.0,0.9333333333333333,1.0,2.0,0.013422818791946308,0.5,0.9504077136516571,Qwen/Qwen2.5-7B-Instruct,TruthfulQA-MC1,vanilla_mc,3
0.0,0.0,0.06666666666666667,0.0,0.0,,,Qwen/Qwen2.5-7B-Instruct,FEVER,lora_mc,1
1.0,0.06666666666666667,0.13333333333333333,0.0,0.0,,,Qwen/Qwen2.5-7B-Instruct,FEVER,lora_mc,1
2.0,0.13333333333333333,0.2,0.0,0.0,,,Qwen/Qwen2.5-7B-Instruct,FEVER,lora_mc,1
3.0,0.2,0.26666666666666666,0.0,0.0,,,Qwen/Qwen2.5-7B-Instruct,FEVER,lora_mc,1
4.0,0.26666666666666666,0.3333333333333333,0.0,0.0,,,Qwen/Qwen2.5-7B-Instruct,FEVER,lora_mc,1
5.0,0.3333333333333333,0.4,0.0,0.0,,,Qwen/Qwen2.5-7B-Instruct,FEVER,lora_mc,1
6.0,0.4,0.4666666666666667,0.0,0.0,,,Qwen/Qwen2.5-7B-Instruct,FEVER,lora_mc,1
7.0,0.4666666666666667,0.5333333333333333,6.0,0.02,0.0,0.5040685032045761,Qwen/Qwen2.5-7B-Instruct,FEVER,lora_mc,1
8.0,0.5333333333333333,0.6,2.0,0.006666666666666667,0.5,0.5666594636362035,Qwen/Qwen2.5-7B-Instruct,FEVER,lora_mc,1
9.0,0.6,0.6666666666666666,6.0,0.02,0.16666666666666666,0.6425179398317856,Qwen/Qwen2.5-7B-Instruct,FEVER,lora_mc,1
10.0,0.6666666666666666,0.7333333333333333,6.0,0.02,0.16666666666666666,0.7001525648103225,Qwen/Qwen2.5-7B-Instruct,FEVER,lora_mc,1
11.0,0.7333333333333333,0.8,5.0,0.016666666666666666,0.2,0.7516727752057184,Qwen/Qwen2.5-7B-Instruct,FEVER,lora_mc,1
12.0,0.8,0.8666666666666667,7.0,0.023333333333333334,0.14285714285714285,0.8406074146971682,Qwen/Qwen2.5-7B-Instruct,FEVER,lora_mc,1
13.0,0.8666666666666667,0.9333333333333333,19.0,0.06333333333333334,0.5789473684210527,0.9011578510731101,Qwen/Qwen2.5-7B-Instruct,FEVER,lora_mc,1
14.0,0.9333333333333333,1.0,249.0,0.83,0.5983935742971888,0.9917342629189538,Qwen/Qwen2.5-7B-Instruct,FEVER,lora_mc,1
0.0,0.0,0.06666666666666667,0.0,0.0,,,Qwen/Qwen2.5-7B-Instruct,HaluEval-QA,lora_mc,1
1.0,0.06666666666666667,0.13333333333333333,0.0,0.0,,,Qwen/Qwen2.5-7B-Instruct,HaluEval-QA,lora_mc,1
2.0,0.13333333333333333,0.2,0.0,0.0,,,Qwen/Qwen2.5-7B-Instruct,HaluEval-QA,lora_mc,1
3.0,0.2,0.26666666666666666,0.0,0.0,,,Qwen/Qwen2.5-7B-Instruct,HaluEval-QA,lora_mc,1
4.0,0.26666666666666666,0.3333333333333333,0.0,0.0,,,Qwen/Qwen2.5-7B-Instruct,HaluEval-QA,lora_mc,1
5.0,0.3333333333333333,0.4,0.0,0.0,,,Qwen/Qwen2.5-7B-Instruct,HaluEval-QA,lora_mc,1
6.0,0.4,0.4666666666666667,0.0,0.0,,,Qwen/Qwen2.5-7B-Instruct,HaluEval-QA,lora_mc,1
7.0,0.4666666666666667,0.5333333333333333,0.0,0.0,,,Qwen/Qwen2.5-7B-Instruct,HaluEval-QA,lora_mc,1
8.0,0.5333333333333333,0.6,0.0,0.0,,,Qwen/Qwen2.5-7B-Instruct,HaluEval-QA,lora_mc,1
9.0,0.6,0.6666666666666666,0.0,0.0,,,Qwen/Qwen2.5-7B-Instruct,HaluEval-QA,lora_mc,1
10.0,0.6666666666666666,0.7333333333333333,0.0,0.0,,,Qwen/Qwen2.5-7B-Instruct,HaluEval-QA,lora_mc,1
11.0,0.7333333333333333,0.8,0.0,0.0,,,Qwen/Qwen2.5-7B-Instruct,HaluEval-QA,lora_mc,1
12.0,0.8,0.8666666666666667,1.0,0.0033333333333333335,0.0,0.8249508966296581,Qwen/Qwen2.5-7B-Instruct,HaluEval-QA,lora_mc,1
13.0,0.8666666666666667,0.9333333333333333,0.0,0.0,,,Qwen/Qwen2.5-7B-Instruct,HaluEval-QA,lora_mc,1
14.0,0.9333333333333333,1.0,299.0,0.9966666666666667,0.9832775919732442,0.9996933333944518,Qwen/Qwen2.5-7B-Instruct,HaluEval-QA,lora_mc,1
0.0,0.0,0.06666666666666667,0.0,0.0,,,Qwen/Qwen2.5-7B-Instruct,TruthfulQA-MC1,lora_mc,1
1.0,0.06666666666666667,0.13333333333333333,0.0,0.0,,,Qwen/Qwen2.5-7B-Instruct,TruthfulQA-MC1,lora_mc,1
2.0,0.13333333333333333,0.2,0.0,0.0,,,Qwen/Qwen2.5-7B-Instruct,TruthfulQA-MC1,lora_mc,1
3.0,0.2,0.26666666666666666,1.0,0.006711409395973154,0.0,0.2652254854073304,Qwen/Qwen2.5-7B-Instruct,TruthfulQA-MC1,lora_mc,1
4.0,0.26666666666666666,0.3333333333333333,0.0,0.0,,,Qwen/Qwen2.5-7B-Instruct,TruthfulQA-MC1,lora_mc,1
5.0,0.3333333333333333,0.4,0.0,0.0,,,Qwen/Qwen2.5-7B-Instruct,TruthfulQA-MC1,lora_mc,1
6.0,0.4,0.4666666666666667,1.0,0.006711409395973154,0.0,0.4547294189600183,Qwen/Qwen2.5-7B-Instruct,TruthfulQA-MC1,lora_mc,1
7.0,0.4666666666666667,0.5333333333333333,3.0,0.020134228187919462,1.0,0.5079130218486586,Qwen/Qwen2.5-7B-Instruct,TruthfulQA-MC1,lora_mc,1
8.0,0.5333333333333333,0.6,2.0,0.013422818791946308,0.0,0.5862049394193933,Qwen/Qwen2.5-7B-Instruct,TruthfulQA-MC1,lora_mc,1
9.0,0.6,0.6666666666666666,6.0,0.040268456375838924,0.5,0.6342924811391282,Qwen/Qwen2.5-7B-Instruct,TruthfulQA-MC1,lora_mc,1
10.0,0.6666666666666666,0.7333333333333333,5.0,0.03355704697986577,0.6,0.7026841067905821,Qwen/Qwen2.5-7B-Instruct,TruthfulQA-MC1,lora_mc,1
11.0,0.7333333333333333,0.8,6.0,0.040268456375838924,0.6666666666666666,0.7550870857496322,Qwen/Qwen2.5-7B-Instruct,TruthfulQA-MC1,lora_mc,1
12.0,0.8,0.8666666666666667,7.0,0.04697986577181208,0.5714285714285714,0.8379988567315483,Qwen/Qwen2.5-7B-Instruct,TruthfulQA-MC1,lora_mc,1
13.0,0.8666666666666667,0.9333333333333333,9.0,0.06040268456375839,0.7777777777777778,0.9026733117067134,Qwen/Qwen2.5-7B-Instruct,TruthfulQA-MC1,lora_mc,1
14.0,0.9333333333333333,1.0,109.0,0.7315436241610739,0.944954128440367,0.9963901940025511,Qwen/Qwen2.5-7B-Instruct,TruthfulQA-MC1,lora_mc,1
0.0,0.0,0.06666666666666667,0.0,0.0,,,Qwen/Qwen2.5-7B-Instruct,FEVER,lora_mc,2
1.0,0.06666666666666667,0.13333333333333333,0.0,0.0,,,Qwen/Qwen2.5-7B-Instruct,FEVER,lora_mc,2
2.0,0.13333333333333333,0.2,0.0,0.0,,,Qwen/Qwen2.5-7B-Instruct,FEVER,lora_mc,2
3.0,0.2,0.26666666666666666,0.0,0.0,,,Qwen/Qwen2.5-7B-Instruct,FEVER,lora_mc,2
4.0,0.26666666666666666,0.3333333333333333,0.0,0.0,,,Qwen/Qwen2.5-7B-Instruct,FEVER,lora_mc,2
5.0,0.3333333333333333,0.4,0.0,0.0,,,Qwen/Qwen2.5-7B-Instruct,FEVER,lora_mc,2
6.0,0.4,0.4666666666666667,1.0,0.0033333333333333335,0.0,0.4545748090935683,Qwen/Qwen2.5-7B-Instruct,FEVER,lora_mc,2
7.0,0.4666666666666667,0.5333333333333333,4.0,0.013333333333333334,0.25,0.49990144572749223,Qwen/Qwen2.5-7B-Instruct,FEVER,lora_mc,2
8.0,0.5333333333333333,0.6,1.0,0.0033333333333333335,0.0,0.5679754367112406,Qwen/Qwen2.5-7B-Instruct,FEVER,lora_mc,2
9.0,0.6,0.6666666666666666,4.0,0.013333333333333334,0.5,0.6356277763266269,Qwen/Qwen2.5-7B-Instruct,FEVER,lora_mc,2
10.0,0.6666666666666666,0.7333333333333333,4.0,0.013333333333333334,0.25,0.695755231287355,Qwen/Qwen2.5-7B-Instruct,FEVER,lora_mc,2
11.0,0.7333333333333333,0.8,4.0,0.013333333333333334,0.25,0.775033818896553,Qwen/Qwen2.5-7B-Instruct,FEVER,lora_mc,2
12.0,0.8,0.8666666666666667,7.0,0.023333333333333334,0.42857142857142855,0.8345473254158495,Qwen/Qwen2.5-7B-Instruct,FEVER,lora_mc,2
13.0,0.8666666666666667,0.9333333333333333,18.0,0.06,0.3888888888888889,0.901061849198509,Qwen/Qwen2.5-7B-Instruct,FEVER,lora_mc,2
14.0,0.9333333333333333,1.0,257.0,0.8566666666666667,0.6614785992217899,0.9841821693318835,Qwen/Qwen2.5-7B-Instruct,FEVER,lora_mc,2
0.0,0.0,0.06666666666666667,0.0,0.0,,,Qwen/Qwen2.5-7B-Instruct,HaluEval-QA,lora_mc,2
1.0,0.06666666666666667,0.13333333333333333,0.0,0.0,,,Qwen/Qwen2.5-7B-Instruct,HaluEval-QA,lora_mc,2
2.0,0.13333333333333333,0.2,0.0,0.0,,,Qwen/Qwen2.5-7B-Instruct,HaluEval-QA,lora_mc,2
3.0,0.2,0.26666666666666666,0.0,0.0,,,Qwen/Qwen2.5-7B-Instruct,HaluEval-QA,lora_mc,2
4.0,0.26666666666666666,0.3333333333333333,0.0,0.0,,,Qwen/Qwen2.5-7B-Instruct,HaluEval-QA,lora_mc,2
5.0,0.3333333333333333,0.4,0.0,0.0,,,Qwen/Qwen2.5-7B-Instruct,HaluEval-QA,lora_mc,2
6.0,0.4,0.4666666666666667,0.0,0.0,,,Qwen/Qwen2.5-7B-Instruct,HaluEval-QA,lora_mc,2
7.0,0.4666666666666667,0.5333333333333333,0.0,0.0,,,Qwen/Qwen2.5-7B-Instruct,HaluEval-QA,lora_mc,2
8.0,0.5333333333333333,0.6,0.0,0.0,,,Qwen/Qwen2.5-7B-Instruct,HaluEval-QA,lora_mc,2
9.0,0.6,0.6666666666666666,0.0,0.0,,,Qwen/Qwen2.5-7B-Instruct,HaluEval-QA,lora_mc,2
10.0,0.6666666666666666,0.7333333333333333,0.0,0.0,,,Qwen/Qwen2.5-7B-Instruct,HaluEval-QA,lora_mc,2
11.0,0.7333333333333333,0.8,0.0,0.0,,,Qwen/Qwen2.5-7B-Instruct,HaluEval-QA,lora_mc,2
12.0,0.8,0.8666666666666667,1.0,0.0033333333333333335,0.0,0.8091115644173359,Qwen/Qwen2.5-7B-Instruct,HaluEval-QA,lora_mc,2
13.0,0.8666666666666667,0.9333333333333333,0.0,0.0,,,Qwen/Qwen2.5-7B-Instruct,HaluEval-QA,lora_mc,2
14.0,0.9333333333333333,1.0,299.0,0.9966666666666667,0.9933110367892977,0.9998571191454757,Qwen/Qwen2.5-7B-Instruct,HaluEval-QA,lora_mc,2
0.0,0.0,0.06666666666666667,0.0,0.0,,,Qwen/Qwen2.5-7B-Instruct,TruthfulQA-MC1,lora_mc,2
1.0,0.06666666666666667,0.13333333333333333,0.0,0.0,,,Qwen/Qwen2.5-7B-Instruct,TruthfulQA-MC1,lora_mc,2
2.0,0.13333333333333333,0.2,0.0,0.0,,,Qwen/Qwen2.5-7B-Instruct,TruthfulQA-MC1,lora_mc,2
3.0,0.2,0.26666666666666666,1.0,0.006711409395973154,1.0,0.24134205210103238,Qwen/Qwen2.5-7B-Instruct,TruthfulQA-MC1,lora_mc,2
4.0,0.26666666666666666,0.3333333333333333,1.0,0.006711409395973154,0.0,0.2762976720959394,Qwen/Qwen2.5-7B-Instruct,TruthfulQA-MC1,lora_mc,2
5.0,0.3333333333333333,0.4,0.0,0.0,,,Qwen/Qwen2.5-7B-Instruct,TruthfulQA-MC1,lora_mc,2
6.0,0.4,0.4666666666666667,5.0,0.03355704697986577,0.2,0.4450212252896174,Qwen/Qwen2.5-7B-Instruct,TruthfulQA-MC1,lora_mc,2
7.0,0.4666666666666667,0.5333333333333333,8.0,0.053691275167785234,0.125,0.5047731695504531,Qwen/Qwen2.5-7B-Instruct,TruthfulQA-MC1,lora_mc,2
8.0,0.5333333333333333,0.6,2.0,0.013422818791946308,0.5,0.557465880336099,Qwen/Qwen2.5-7B-Instruct,TruthfulQA-MC1,lora_mc,2
9.0,0.6,0.6666666666666666,2.0,0.013422818791946308,0.0,0.6474708464203834,Qwen/Qwen2.5-7B-Instruct,TruthfulQA-MC1,lora_mc,2
10.0,0.6666666666666666,0.7333333333333333,5.0,0.03355704697986577,0.8,0.6975819343798764,Qwen/Qwen2.5-7B-Instruct,TruthfulQA-MC1,lora_mc,2
11.0,0.7333333333333333,0.8,4.0,0.026845637583892617,0.25,0.7627928538060142,Qwen/Qwen2.5-7B-Instruct,TruthfulQA-MC1,lora_mc,2
12.0,0.8,0.8666666666666667,4.0,0.026845637583892617,1.0,0.8358192833474033,Qwen/Qwen2.5-7B-Instruct,TruthfulQA-MC1,lora_mc,2
13.0,0.8666666666666667,0.9333333333333333,8.0,0.053691275167785234,0.75,0.8911066833467727,Qwen/Qwen2.5-7B-Instruct,TruthfulQA-MC1,lora_mc,2
14.0,0.9333333333333333,1.0,109.0,0.7315436241610739,0.926605504587156,0.9945347158245724,Qwen/Qwen2.5-7B-Instruct,TruthfulQA-MC1,lora_mc,2
0.0,0.0,0.06666666666666667,0.0,0.0,,,Qwen/Qwen2.5-7B-Instruct,FEVER,lora_mc,3
1.0,0.06666666666666667,0.13333333333333333,0.0,0.0,,,Qwen/Qwen2.5-7B-Instruct,FEVER,lora_mc,3
2.0,0.13333333333333333,0.2,0.0,0.0,,,Qwen/Qwen2.5-7B-Instruct,FEVER,lora_mc,3
3.0,0.2,0.26666666666666666,0.0,0.0,,,Qwen/Qwen2.5-7B-Instruct,FEVER,lora_mc,3
4.0,0.26666666666666666,0.3333333333333333,0.0,0.0,,,Qwen/Qwen2.5-7B-Instruct,FEVER,lora_mc,3
5.0,0.3333333333333333,0.4,1.0,0.0033333333333333335,0.0,0.37333081430123244,Qwen/Qwen2.5-7B-Instruct,FEVER,lora_mc,3
6.0,0.4,0.4666666666666667,3.0,0.01,0.3333333333333333,0.4467530568812885,Qwen/Qwen2.5-7B-Instruct,FEVER,lora_mc,3
7.0,0.4666666666666667,0.5333333333333333,8.0,0.02666666666666667,0.375,0.5067772056212568,Qwen/Qwen2.5-7B-Instruct,FEVER,lora_mc,3
8.0,0.5333333333333333,0.6,14.0,0.04666666666666667,0.2857142857142857,0.5646317241200428,Qwen/Qwen2.5-7B-Instruct,FEVER,lora_mc,3
9.0,0.6,0.6666666666666666,9.0,0.03,0.4444444444444444,0.6326798746513294,Qwen/Qwen2.5-7B-Instruct,FEVER,lora_mc,3
10.0,0.6666666666666666,0.7333333333333333,18.0,0.06,0.6111111111111112,0.7085126694984019,Qwen/Qwen2.5-7B-Instruct,FEVER,lora_mc,3
11.0,0.7333333333333333,0.8,13.0,0.043333333333333335,0.6923076923076923,0.7608121401919605,Qwen/Qwen2.5-7B-Instruct,FEVER,lora_mc,3
12.0,0.8,0.8666666666666667,15.0,0.05,0.6,0.8372199789891734,Qwen/Qwen2.5-7B-Instruct,FEVER,lora_mc,3
13.0,0.8666666666666667,0.9333333333333333,28.0,0.09333333333333334,0.35714285714285715,0.9022146035671367,Qwen/Qwen2.5-7B-Instruct,FEVER,lora_mc,3
14.0,0.9333333333333333,1.0,191.0,0.6366666666666667,0.7120418848167539,0.9782389279425965,Qwen/Qwen2.5-7B-Instruct,FEVER,lora_mc,3
0.0,0.0,0.06666666666666667,0.0,0.0,,,Qwen/Qwen2.5-7B-Instruct,HaluEval-QA,lora_mc,3
1.0,0.06666666666666667,0.13333333333333333,0.0,0.0,,,Qwen/Qwen2.5-7B-Instruct,HaluEval-QA,lora_mc,3
2.0,0.13333333333333333,0.2,0.0,0.0,,,Qwen/Qwen2.5-7B-Instruct,HaluEval-QA,lora_mc,3
3.0,0.2,0.26666666666666666,0.0,0.0,,,Qwen/Qwen2.5-7B-Instruct,HaluEval-QA,lora_mc,3
4.0,0.26666666666666666,0.3333333333333333,0.0,0.0,,,Qwen/Qwen2.5-7B-Instruct,HaluEval-QA,lora_mc,3
5.0,0.3333333333333333,0.4,0.0,0.0,,,Qwen/Qwen2.5-7B-Instruct,HaluEval-QA,lora_mc,3
6.0,0.4,0.4666666666666667,0.0,0.0,,,Qwen/Qwen2.5-7B-Instruct,HaluEval-QA,lora_mc,3
7.0,0.4666666666666667,0.5333333333333333,0.0,0.0,,,Qwen/Qwen2.5-7B-Instruct,HaluEval-QA,lora_mc,3
8.0,0.5333333333333333,0.6,0.0,0.0,,,Qwen/Qwen2.5-7B-Instruct,HaluEval-QA,lora_mc,3
9.0,0.6,0.6666666666666666,0.0,0.0,,,Qwen/Qwen2.5-7B-Instruct,HaluEval-QA,lora_mc,3
10.0,0.6666666666666666,0.7333333333333333,0.0,0.0,,,Qwen/Qwen2.5-7B-Instruct,HaluEval-QA,lora_mc,3
11.0,0.7333333333333333,0.8,0.0,0.0,,,Qwen/Qwen2.5-7B-Instruct,HaluEval-QA,lora_mc,3
12.0,0.8,0.8666666666666667,0.0,0.0,,,Qwen/Qwen2.5-7B-Instruct,HaluEval-QA,lora_mc,3
13.0,0.8666666666666667,0.9333333333333333,0.0,0.0,,,Qwen/Qwen2.5-7B-Instruct,HaluEval-QA,lora_mc,3
14.0,0.9333333333333333,1.0,300.0,1.0,0.99,0.9998099238285452,Qwen/Qwen2.5-7B-Instruct,HaluEval-QA,lora_mc,3
0.0,0.0,0.06666666666666667,0.0,0.0,,,Qwen/Qwen2.5-7B-Instruct,TruthfulQA-MC1,lora_mc,3
1.0,0.06666666666666667,0.13333333333333333,0.0,0.0,,,Qwen/Qwen2.5-7B-Instruct,TruthfulQA-MC1,lora_mc,3
2.0,0.13333333333333333,0.2,0.0,0.0,,,Qwen/Qwen2.5-7B-Instruct,TruthfulQA-MC1,lora_mc,3
3.0,0.2,0.26666666666666666,2.0,0.013422818791946308,0.5,0.2325450309104036,Qwen/Qwen2.5-7B-Instruct,TruthfulQA-MC1,lora_mc,3
4.0,0.26666666666666666,0.3333333333333333,0.0,0.0,,,Qwen/Qwen2.5-7B-Instruct,TruthfulQA-MC1,lora_mc,3
5.0,0.3333333333333333,0.4,2.0,0.013422818791946308,0.0,0.36479278514365476,Qwen/Qwen2.5-7B-Instruct,TruthfulQA-MC1,lora_mc,3
6.0,0.4,0.4666666666666667,5.0,0.03355704697986577,0.4,0.43990362237027403,Qwen/Qwen2.5-7B-Instruct,TruthfulQA-MC1,lora_mc,3
7.0,0.4666666666666667,0.5333333333333333,4.0,0.026845637583892617,0.25,0.5042184723215959,Qwen/Qwen2.5-7B-Instruct,TruthfulQA-MC1,lora_mc,3
8.0,0.5333333333333333,0.6,4.0,0.026845637583892617,0.5,0.5584897805260357,Qwen/Qwen2.5-7B-Instruct,TruthfulQA-MC1,lora_mc,3
9.0,0.6,0.6666666666666666,6.0,0.040268456375838924,0.6666666666666666,0.6383655717188118,Qwen/Qwen2.5-7B-Instruct,TruthfulQA-MC1,lora_mc,3
10.0,0.6666666666666666,0.7333333333333333,5.0,0.03355704697986577,0.6,0.6817441532718149,Qwen/Qwen2.5-7B-Instruct,TruthfulQA-MC1,lora_mc,3
11.0,0.7333333333333333,0.8,1.0,0.006711409395973154,1.0,0.791055175860409,Qwen/Qwen2.5-7B-Instruct,TruthfulQA-MC1,lora_mc,3
12.0,0.8,0.8666666666666667,7.0,0.04697986577181208,0.5714285714285714,0.829568389604117,Qwen/Qwen2.5-7B-Instruct,TruthfulQA-MC1,lora_mc,3
13.0,0.8666666666666667,0.9333333333333333,6.0,0.040268456375838924,0.3333333333333333,0.9112127389099337,Qwen/Qwen2.5-7B-Instruct,TruthfulQA-MC1,lora_mc,3
14.0,0.9333333333333333,1.0,107.0,0.7181208053691275,0.9345794392523364,0.9967502389155757,Qwen/Qwen2.5-7B-Instruct,TruthfulQA-MC1,lora_mc,3
